Ask Price,Car Model,Brand,Depreciation,Registration Date,Category,Mileage,Engine Capacity,Images
50800,Z4 sDrive23i,BMW,38030,18-May-2012,Sports,134000,2497,https://i.i-sgcm.com/cars_used/202108/1022174_small.jpg
45800,Golf 1.2A TSI,Volkswagen,9970,19-Oct-2015,Hatchback,87235,1197,https://i.i-sgcm.com/cars_used/202108/1022173_small.jpg
16800,Sylphy 1.5A (COE till 09/2023),Nissan,7880,30-Sep-2008,Sedan,126000,1498,https://i.i-sgcm.com/cars_used/202108/1019391_small.jpg
36800,Vios 1.5A E (COE till 06/2026),Toyota,7530,28-Nov-2011,Sedan,141000,1497,https://i.i-sgcm.com/cars_used/202106/1007993_small.jpg
435306,Cayenne 3.0A Tip,Porsche,38220,09-Apr-2021,SUV,68,2995,https://i.i-sgcm.com/cars_used/202108/1022171_small.jpg
64800,Avante 1.6A GLS S (OPC),Hyundai,7210,01-Aug-2019,Sedan,19000,1591,https://i.i-sgcm.com/cars_used/202108/1022169_small.jpg
91000,2 Series 216d Gran Tourer Luxury,BMW,12920,30-Dec-2015,MPV,70000,1496,https://i.i-sgcm.com/cars_used/202108/1021954_small.jpg
68800,5 2.0A Sunroof,Mazda,10200,20-Jul-2015,MPV,104000,1998,https://i.i-sgcm.com/cars_used/202108/1022168_small.jpg
19800,Stream 1.8A RSZ Sunroof (COE till 01/2024),Honda,9230,25-Apr-2009,MPV,125000,1799,https://i.i-sgcm.com/cars_used/202108/1021627_small.jpg
22800,Fit 1.3A G F-Package,Honda,7910,30-Jul-2020,Hatchback,13000,1317,https://i.i-sgcm.com/cars_used/202108/1020998_small.jpg
73800,A3 Sedan 1.0A TFSI S-tronic,Audi,10580,28-Apr-2017,Luxury,123000,999,https://i.i-sgcm.com/cars_used/202108/1019473_small.jpg
68500,Fit 1.3A G (COE till 08/2024),Honda,8270,12-Aug-2009,Hatchback,163888,1339,https://i.i-sgcm.com/cars_used/202106/1006839_small.jpg
24800,3 1.6A (COE till 03/2024),Mazda,7890,25-Jun-2009,Sedan,126000,1598,https://i.i-sgcm.com/cars_used/202105/997359_small.jpg
20800,Urus,Lamborghini,76560,09-May-2019,SUV,20688,3996,https://i.i-sgcm.com/cars_used/202105/995292_small.jpg
745000,Elantra 1.6A GLS,Hyundai,8170,20-Aug-2018,Sedan,45707,1591,https://i.i-sgcm.com/cars_used/202108/1022165_small.jpg
45800,C-Class C250,Mercedes-Benz,22660,15-Jun-2012,Luxury,110320,1796,https://i.i-sgcm.com/cars_used/202108/1022158_small.jpg
43500,Golf GTI 5DR Sunroof (COE till 07/2023),Volkswagen,13120,11-Aug-2008,Sports,155000,1984,https://i.i-sgcm.com/cars_used/202108/1022157_small.jpg
25800,RegiusAce 3.0A,Toyota,9670,02-May-2018,Van,40000,2982,https://i.i-sgcm.com/cars_used/202108/1022145_small.jpg
34500,CLA-Class CLA200 Urban,Mercedes-Benz,14800,15-Aug-2017,Luxury,50100,1595,https://i.i-sgcm.com/cars_used/202108/1021401_small.jpg
103800,Civic 1.8A (COE till 08/2023),Honda,8910,12-Aug-2008,Sedan,150000,1799,https://i.i-sgcm.com/cars_used/202107/1016041_small.jpg
17800,Fit 1.3A G (COE till 09/2023),Honda,8110,08-Sep-2008,Hatchback,118000,1339,https://i.i-sgcm.com/cars_used/202107/1016039_small.jpg
16800,Corolla Altis 1.6A (COE till 07/2023),Toyota,7640,31-Jul-2008,Sedan,138800,1598,https://i.i-sgcm.com/cars_used/202107/1015922_small.jpg
15000,Fuso Canter FEB21,Mitsubishi,10390,04-Dec-2015,Truck,83000,2998,https://i.i-sgcm.com/cars_used/202107/1015833_small.jpg
44800,Corolla Altis 1.6A Classic,Toyota,9370,28-Dec-2016,Sedan,78000,1598,https://i.i-sgcm.com/cars_used/202107/1012862_small.jpg
197800,Vios 1.5A E (COE till 12/2023),Toyota,7960,23-Dec-2008,Sedan,145000,1497,https://i.i-sgcm.com/cars_used/202105/997374_small.jpg
18800,Tiguan 2.0A TSI (COE till 05/2031),Volkswagen,7880,12-May-2011,SUV,65000,1984,https://i.i-sgcm.com/cars_used/202105/995310_small.jpg
76800,Lancer 1.6A GLX Sports (COE till 08/2024),Mitsubishi,7630,07-Aug-2009,Sedan,126000,1584,https://i.i-sgcm.com/cars_used/202104/990077_small.jpg
22800,Navara NP300 Single-Cab,Nissan,8780,16-Aug-2017,Truck,64597,2298,https://i.i-sgcm.com/cars_used/202104/985956_small.jpg
52800,2 Series 216d Gran Tourer,BMW,12570,24-Jun-2016,MPV,56761,1496,https://i.i-sgcm.com/cars_used/202104/985624_small.jpg
73800,Cooper 1.6A (COE till 12/2026),MINI,9080,30-Dec-2006,Hatchback,170000,1598,https://i.i-sgcm.com/cars_used/202108/1022164_small.jpg
48888,Ghibli 3.0A,Maserati,26770,12-Dec-2017,Luxury,64000,2979,https://i.i-sgcm.com/used_cars/no_img_100x75.jpg
221800,Fiorino Cargo 1.3MTA Multijet Glaze,Fiat,6830,28-Jan-2019,Van,66500,1248,https://i.i-sgcm.com/cars_used/202108/1022148_small.jpg
81000,Scenic Diesel 1.5A dCi Sunroof,Renault,9370,29-Nov-2018,Hatchback,23000,1461,https://i.i-sgcm.com/cars_used/202108/1020309_small.jpg
76800,Avante 1.6A GLS,Hyundai,8100,11-Sep-2019,Sedan,29000,1591,https://i.i-sgcm.com/cars_used/202107/1016030_small.jpg
35800,ES250 Luxury Sunroof,Lexus,16520,23-Jun-2015,Luxury,102000,2494,https://i.i-sgcm.com/cars_used/202105/994123_small.jpg
87800,S-Class S400L,Mercedes-Benz,27100,12-Jan-2015,Luxury,80000,2996,https://i.i-sgcm.com/cars_used/202104/991025_small.jpg
166800,NV350 2.5A,Nissan,8590,31-May-2017,Van,40000,2488,https://i.i-sgcm.com/cars_used/202104/982185_small.jpg
27800,X-Trail 2.0A Premium 7-Seater Sunroof,Nissan,11750,16-Jun-2017,SUV,46874,1997,https://i.i-sgcm.com/cars_used/202103/977820_small.jpg
55800,Cerato Forte 1.6A EX (COE till 05/2026),Kia,7400,30-May-2011,Sedan,120000,1591,https://i.i-sgcm.com/cars_used/202108/1022160_small.jpg
35500,Arona 1.0A EcoTSI FR,SEAT,9890,30-Oct-2020,SUV,13416,999,https://i.i-sgcm.com/cars_used/202108/1022156_small.jpg
96800,Fuso Canter FEB21,Mitsubishi,9720,23-Nov-2018,Truck,32511,2998,https://i.i-sgcm.com/cars_used/202108/1022155_small.jpg
70800,A4 1.4A TFSI S-tronic,Audi,13340,18-Feb-2016,Luxury,78475,1395,https://i.i-sgcm.com/cars_used/202108/1022154_small.jpg
73800,4 Series 430i Coupe M-Sport Sunroof,BMW,22160,04-Jul-2017,Sports,50000,1998,https://i.i-sgcm.com/cars_used/202108/1022153_small.jpg
9188,Focus Titanium 1.0A GTDI 5DR,Ford,8630,06-Apr-2017,Hatchback,68000,999,https://i.i-sgcm.com/cars_used/202108/1021731_small.jpg
55800,Juke 1.6A,Nissan,10380,10-Aug-2016,SUV,50888,1598,https://i.i-sgcm.com/cars_used/202108/1021068_small.jpg
60800,Touran Diesel 1.6A TDI Sunroof,Volkswagen,10390,18-Aug-2015,MPV,100000,1598,https://i.i-sgcm.com/cars_used/202108/1020895_small.jpg
52800,Legacy 2.5i-S Sunroof,Subaru,10630,27-Nov-2015,Luxury,87707,2498,https://i.i-sgcm.com/cars_used/202108/1019547_small.jpg
55800,B-Class B160 (New 10-yr COE),Mercedes-Benz,6380,18-Jul-2011,Hatchback,110300,1498,https://i.i-sgcm.com/cars_used/202107/1015776_small.jpg
40800,Fit 1.3A G F-Package,Honda,8600,24-Jan-2019,Hatchback,45168,1317,https://i.i-sgcm.com/cars_used/202107/1015719_small.jpg
76800,M Series X6 M Sunroof (COE till 01/2031),BMW,14650,16-May-2011,SUV,115000,4395,https://i.i-sgcm.com/cars_used/202106/1003403_small.jpg
138800,A-Class A180 Style,Mercedes-Benz,13510,29-Jul-2016,Hatchback,46700,1595,https://i.i-sgcm.com/cars_used/202106/1002440_small.jpg
76800,X-Trail 2.0A Premium 7-Seater Sunroof,Nissan,11740,09-Dec-2016,SUV,86800,1997,https://i.i-sgcm.com/cars_used/202106/1002020_small.jpg
74800,Impreza 5D 2.0i-S EyeSight (OPC),Subaru,8160,28-Dec-2018,Hatchback,18157,1995,https://i.i-sgcm.com/cars_used/202105/1000694_small.jpg
66800,Fit 1.3A G (New 5-yr COE),Honda,7360,07-Jul-2011,Hatchback,110723,1339,https://i.i-sgcm.com/cars_used/202105/998840_small.jpg
29800,Elantra 1.6A GLS,Hyundai,9090,29-Jan-2016,Sedan,77588,1591,https://i.i-sgcm.com/cars_used/202104/988921_small.jpg
47000,Vezel Hybrid 1.5A,Honda,10370,17-Jul-2017,SUV,54000,1496,https://i.i-sgcm.com/cars_used/202104/987939_small.jpg
64000,Civic 1.6A VTi (COE till 06/2027),Honda,7010,19-Jun-2007,Sedan,169000,1595,https://i.i-sgcm.com/cars_used/202104/982115_small.jpg
49800,S60 Cross Country T5,Volvo,12010,16-Feb-2016,Sedan,82000,2497,https://i.i-sgcm.com/cars_used/202102/966003_small.jpg
69988,ISIS 1.8A LX (COE till 01/2023),Toyota,9760,11-Jan-2008,MPV,165000,1794,https://i.i-sgcm.com/cars_used/202108/1022150_small.jpg
13800,Cerato 1.6A EX,Kia,8610,08-Apr-2019,Sedan,46553,1591,https://i.i-sgcm.com/cars_used/202108/1022147_small.jpg
72800,Beetle Cabriolet 1.2A TSI,Volkswagen,12660,31-Oct-2019,Sports,19000,1197,https://i.i-sgcm.com/cars_used/202108/1022144_small.jpg
94800,Harrier 2.0A Elegance,Toyota,13360,02-May-2017,SUV,67411,1986,https://i.i-sgcm.com/cars_used/202108/1022088_small.jpg
91800,X2 sDrive18i M-Sport X,BMW,14910,26-Nov-2020,SUV,3100,1499,https://i.i-sgcm.com/cars_used/202108/1022033_small.jpg
67800,Lancer EX 1.6A Sports,Mitsubishi,8950,27-Jun-2017,Sedan,52000,1590,https://i.i-sgcm.com/cars_used/202108/1019919_small.jpg
58800,Voxy 2.0A X,Toyota,13020,21-Feb-2017,MPV,50375,1986,https://i.i-sgcm.com/cars_used/202108/1019668_small.jpg
87800,Fit 1.3A G F-Package,Honda,8070,08-Oct-2020,Hatchback,7048,1317,https://i.i-sgcm.com/cars_used/202107/1016267_small.jpg
55888,E-Class E200 Avantgarde,Mercedes-Benz,18420,26-Feb-2019,Luxury,53000,1991,https://i.i-sgcm.com/cars_used/202107/1010171_small.jpg
26300,3 1.5A Sunroof,Mazda,9010,21-Feb-2017,Sedan,52428,1496,https://i.i-sgcm.com/cars_used/202106/1003308_small.jpg
54800,S-Class S400L,Mercedes-Benz,29220,01-Dec-2014,Luxury,71000,2996,https://i.i-sgcm.com/cars_used/202105/999891_small.jpg
169800,Optima K5 2.0A,Kia,9890,23-Feb-2016,Luxury,89990,1999,https://i.i-sgcm.com/cars_used/202105/992659_small.jpg
14800,Freed 1.5A G (COE till 12/2028),Honda,6740,29-Dec-2008,MPV,160000,1496,https://i.i-sgcm.com/cars_used/202108/1022143_small.jpg
49800,V90 T5 Momentum,Volvo,16090,23-May-2017,Stationwagon,43000,1969,https://i.i-sgcm.com/cars_used/202108/1022141_small.jpg
26800,Sylphy 1.6A,Nissan,9300,26-Mar-2015,Sedan,96709,1598,https://i.i-sgcm.com/cars_used/202108/1022137_small.jpg
87800,Cerato 1.6A GT Line Sunroof,Kia,9060,22-May-2019,Sedan,19029,1591,https://i.i-sgcm.com/cars_used/202108/1022135_small.jpg
86888,Corolla Altis 1.6A Standard,Toyota,9300,11-Dec-2019,Sedan,26234,1598,https://i.i-sgcm.com/cars_used/202108/1022133_small.jpg
79888,Civic 1.6A VTi,Honda,11110,01-Dec-2017,Sedan,59383,1597,https://i.i-sgcm.com/cars_used/202108/1022131_small.jpg
46888,Elantra 1.6A GLS,Hyundai,8640,15-Apr-2016,Sedan,133491,1591,https://i.i-sgcm.com/cars_used/202108/1022130_small.jpg
75000,3 Series 335i (COE till 10/2029),BMW,9210,02-Oct-2009,Luxury,158000,2979,https://i.i-sgcm.com/cars_used/202108/1022127_small.jpg
79000,S60 T2,Volvo,10820,13-Nov-2017,Luxury,35000,1498,https://i.i-sgcm.com/cars_used/202108/1022044_small.jpg
129800,Camry Hybrid 2.5A Ascent Sport,Toyota,12520,03-Feb-2021,Luxury,8187,2487,https://i.i-sgcm.com/cars_used/202108/1021774_small.jpg
69800,Golf 1.4A TSI,Volkswagen,10760,26-Sep-2017,Hatchback,62000,1395,https://i.i-sgcm.com/cars_used/202108/1021118_small.jpg
90800,Odyssey 2.4A EXV-S Sunroof,Honda,13120,24-Jan-2017,MPV,73000,2356,https://i.i-sgcm.com/cars_used/202108/1020166_small.jpg
66800,HR-V 1.5A DX,Honda,9550,07-Nov-2017,SUV,95000,1496,https://i.i-sgcm.com/cars_used/202108/1019642_small.jpg
196800,X3 sDrive20i Advantage,BMW,18730,30-Oct-2020,SUV,8443,1998,https://i.i-sgcm.com/cars_used/202108/1019120_small.jpg
137800,Q5 2.0A TFSI Quattro S-tronic Sport,Audi,17510,01-Dec-2017,SUV,128447,1984,https://i.i-sgcm.com/cars_used/202107/1018363_small.jpg
96800,Sorento Diesel 2.2A CRDi GT Line Sunroof,Kia,12760,30-Aug-2017,SUV,87000,2199,https://i.i-sgcm.com/cars_used/202107/1018085_small.jpg
155800,Odyssey 2.4A EX-S 8-Seater,Honda,14620,05-Feb-2021,MPV,5900,2356,https://i.i-sgcm.com/cars_used/202107/1017571_small.jpg
80800,3 Series 318i Sport,BMW,13320,23-Sep-2016,Luxury,88102,1499,https://i.i-sgcm.com/cars_used/202107/1015756_small.jpg
65800,Cerato K3 1.6A,Kia,8820,17-May-2018,Sedan,32000,1591,https://i.i-sgcm.com/cars_used/202107/1015736_small.jpg
54800,Forester 2.0i-L Sunroof,Subaru,12080,31-Jul-2015,SUV,80947,1995,https://i.i-sgcm.com/cars_used/202107/1014335_small.jpg
130800,2 Series 216i Gran Tourer Luxury,BMW,13220,26-Dec-2019,MPV,11326,1499,https://i.i-sgcm.com/cars_used/202107/1010372_small.jpg
83333,Fit Hybrid 1.5A,Honda,8710,04-Sep-2020,Hatchback,13688,1496,https://i.i-sgcm.com/cars_used/202106/1009696_small.jpg
139800,E-Class E200 Avantgarde,Mercedes-Benz,17440,20-Sep-2017,Luxury,61000,1991,https://i.i-sgcm.com/cars_used/202106/1007533_small.jpg
15800,Colt 1.5A (COE till 05/2023),Mitsubishi,8780,25-Sep-2008,Hatchback,128200,1499,https://i.i-sgcm.com/cars_used/202106/1006964_small.jpg
98800,Freed Hybrid 1.5A G,Honda,11730,19-Mar-2019,MPV,11753,1496,https://i.i-sgcm.com/cars_used/202106/1003750_small.jpg
118800,Rover Discovery Sport 2.0A Si4 SE 7-Seater,Land,15710,15-May-2017,SUV,90000,1999,https://i.i-sgcm.com/cars_used/202106/1002461_small.jpg
46800,NV350 2.5A,Nissan,10350,19-Feb-2016,Van,80241,2488,https://i.i-sgcm.com/cars_used/202106/1001261_small.jpg
55800,3 1.5A Sunroof,Mazda,8690,21-Jun-2017,Sedan,77000,1496,https://i.i-sgcm.com/cars_used/202105/1000661_small.jpg
244988,E-Class E200 Mild Hybrid AMG Line,Mercedes-Benz,21700,20-May-2021,Luxury,20,1991,https://i.i-sgcm.com/cars_used/202105/998245_small.jpg
69800,XC60 T5 2.0A,Volvo,14810,05-Mar-2015,SUV,110920,1969,https://i.i-sgcm.com/cars_used/202105/996858_small.jpg
66800,Vezel 1.5A X,Honda,10690,17-May-2017,SUV,50000,1496,https://i.i-sgcm.com/cars_used/202105/993980_small.jpg
62777,Forester 2.0i-L Sunroof,Subaru,10830,29-Aug-2016,SUV,82111,1995,https://i.i-sgcm.com/cars_used/202104/988563_small.jpg
30800,A1 Sportback 1.4A TFSI S-tronic,Audi,11850,28-May-2013,Hatchback,100000,1390,https://i.i-sgcm.com/cars_used/202104/987963_small.jpg
62800,5 2.0A Sunroof,Mazda,9980,31-Oct-2016,MPV,95866,1998,https://i.i-sgcm.com/cars_used/202104/985443_small.jpg
56800,Vitara 1.6A GLX,Suzuki,9530,10-Nov-2016,SUV,61671,1586,https://i.i-sgcm.com/cars_used/202103/975157_small.jpg
99800,Tucson 1.6A GLS DCT Turbo S,Hyundai,11650,07-Mar-2019,SUV,54000,1591,https://i.i-sgcm.com/cars_used/202103/974464_small.jpg
279900,C-Class C63 Coupe AMG Black Series (New 10-yr COE),Mercedes-Benz,27970,12-Dec-2012,Sports,66200,6208,https://i.i-sgcm.com/cars_used/202102/968459_small.jpg
36800,S-Class S350 Sunroof (COE till 06/2024),Mercedes-Benz,12990,12-Jun-2009,Luxury,140000,3498,https://i.i-sgcm.com/cars_used/202108/1022128_small.jpg
73800,Jazz 1.3A,Honda,8270,19-Feb-2020,Hatchback,25000,1318,https://i.i-sgcm.com/cars_used/202108/1022125_small.jpg
48800,Vezel 1.5A X,Honda,10850,23-Sep-2015,SUV,38000,1496,https://i.i-sgcm.com/cars_used/202108/1022122_small.jpg
56500,3 Series 320i Luxury,BMW,14940,06-Dec-2013,Luxury,53674,1997,https://i.i-sgcm.com/cars_used/202108/1021268_small.jpg
54800,Vezel 1.5A X,Honda,10230,30-Jun-2016,SUV,79000,1496,https://i.i-sgcm.com/cars_used/202108/1020194_small.jpg
49800,Camry 2.0A (COE till 04/2029),Toyota,6450,08-Jun-2009,Luxury,130000,1998,https://i.i-sgcm.com/cars_used/202107/1018972_small.jpg
79800,C-HR Hybrid 1.8A S,Toyota,11150,30-Apr-2018,SUV,24000,1798,https://i.i-sgcm.com/cars_used/202107/1017819_small.jpg
40800,Corolla Altis 1.6A Elegance (New 5-yr COE),Toyota,8160,01-Sep-2011,Sedan,70771,1598,https://i.i-sgcm.com/cars_used/202107/1016436_small.jpg
84500,A-Class A180 Style,Mercedes-Benz,12990,12-May-2017,Hatchback,47000,1595,https://i.i-sgcm.com/cars_used/202107/1016364_small.jpg
75800,Shuttle 1.5A G,Honda,8960,05-Jul-2019,Stationwagon,18500,1496,https://i.i-sgcm.com/cars_used/202107/1015408_small.jpg
73888,Civic 1.6A VTi,Honda,10270,08-Nov-2017,Sedan,76709,1597,https://i.i-sgcm.com/cars_used/202107/1014961_small.jpg
65800,Civic 1.6A VTi,Honda,10850,10-Oct-2016,Sedan,45000,1597,https://i.i-sgcm.com/cars_used/202107/1014702_small.jpg
54800,Attrage 1.2A Sports,Mitsubishi,7510,30-Jul-2018,Sedan,45900,1193,https://i.i-sgcm.com/cars_used/202107/1014266_small.jpg
93800,Passat 1.8A TSI,Volkswagen,11120,30-Sep-2018,Luxury,40285,1798,https://i.i-sgcm.com/cars_used/202107/1013677_small.jpg
71800,Wish 1.8A Elegance,Toyota,10370,28-Jul-2017,MPV,65000,1798,https://i.i-sgcm.com/cars_used/202107/1012562_small.jpg
74800,Swift Hybrid 1.2A RS,Suzuki,8420,10-Dec-2019,Hatchback,28357,1242,https://i.i-sgcm.com/cars_used/202107/1011712_small.jpg
239800,7 Series 740Li Pure Excellence,BMW,26990,26-Dec-2017,Luxury,63597,2998,https://i.i-sgcm.com/cars_used/202106/1007089_small.jpg
132800,1 Series 118i 5DR Luxury,BMW,12210,26-Nov-2020,Hatchback,9568,1499,https://i.i-sgcm.com/cars_used/202106/1003263_small.jpg
76800,Outlander 2.4A,Mitsubishi,11490,06-Jun-2017,SUV,30000,2360,https://i.i-sgcm.com/cars_used/202106/1000977_small.jpg
67777,2 HB 1.5A Standard (OPC),Mazda,6690,12-Aug-2020,Hatchback,7484,1496,https://i.i-sgcm.com/cars_used/202105/998649_small.jpg
79800,S60 T5 R-Design (OPC),Volvo,11380,03-Feb-2017,Luxury,60000,1969,https://i.i-sgcm.com/cars_used/202105/997661_small.jpg
136800,M Series M5 Sunroof,BMW,40020,15-Mar-2013,Sports,85874,4395,https://i.i-sgcm.com/cars_used/202105/997315_small.jpg
49800,Cerato K3 1.6A (OPC),Kia,6620,09-Apr-2018,Sedan,24029,1591,https://i.i-sgcm.com/cars_used/202105/992973_small.jpg
53800,Elantra 1.6A GLS Elite (OPC),Hyundai,7550,09-Oct-2017,Sedan,23461,1591,https://i.i-sgcm.com/cars_used/202105/992960_small.jpg
143800,E-Class E200 Avantgarde Sunroof,Mercedes-Benz,17700,27-Nov-2017,Luxury,51203,1991,https://i.i-sgcm.com/cars_used/202104/983735_small.jpg
55555,Corolla Altis 1.6A Elegance (OPC),Toyota,8650,18-Nov-2016,Sedan,37034,1598,https://i.i-sgcm.com/cars_used/202011/942171_small.jpg
31800,Polo 1.4A (COE till 05/2025),Volkswagen,8440,20-May-2010,Hatchback,107000,1390,https://i.i-sgcm.com/cars_used/202108/1022120_small.jpg
78000,Vezel 1.5A X,Honda,9590,23-Nov-2018,SUV,35000,1496,https://i.i-sgcm.com/cars_used/202108/1022119_small.jpg
77000,A-Class A180,Mercedes-Benz,15790,01-Dec-2015,Hatchback,130000,1595,https://i.i-sgcm.com/cars_used/202108/1022118_small.jpg
18000,Vios 1.5A G (COE till 12/2023),Toyota,7680,16-Dec-2008,Sedan,165000,1497,https://i.i-sgcm.com/cars_used/202108/1022115_small.jpg
45800,Vezel 1.5A X,Honda,9940,06-Oct-2015,SUV,82248,1496,https://i.i-sgcm.com/cars_used/202108/1021161_small.jpg
49800,308 1.2A PureTech Allure,Peugeot,8530,16-Dec-2016,Hatchback,90000,1199,https://i.i-sgcm.com/cars_used/202108/1020971_small.jpg
27800,Fit 1.3A GF (COE till 01/2025),Honda,8000,08-Feb-2010,Hatchback,158000,1339,https://i.i-sgcm.com/cars_used/202107/1018202_small.jpg
101800,CLA-Class CLA200 Urban,Mercedes-Benz,14620,21-Jul-2017,Luxury,84000,1595,https://i.i-sgcm.com/cars_used/202107/1012305_small.jpg
82800,E-Class E200 Avantgarde,Mercedes-Benz,16970,12-Jan-2015,Luxury,113000,1991,https://i.i-sgcm.com/cars_used/202107/1012107_small.jpg
73388,TT Coupe 2.0A TFSI S-tronic (COE till 03/2029),Audi,9610,08-Jun-2009,Sports,135588,1984,https://i.i-sgcm.com/cars_used/202107/1011819_small.jpg
79800,CT Hybrid CT200h Premium (COE till 06/2031),Lexus,8070,11-Jul-2011,Hatchback,126349,1798,https://i.i-sgcm.com/cars_used/202107/1010583_small.jpg
49800,A3 Sedan 1.4A TFSI S-tronic Ambiente,Audi,12190,30-Jan-2015,Luxury,80000,1395,https://i.i-sgcm.com/cars_used/202106/1009138_small.jpg
102800,Estima 2.4A Aeras Premium Moonroof,Toyota,13900,20-Jul-2017,MPV,101166,2362,https://i.i-sgcm.com/cars_used/202106/1007379_small.jpg
63800,Vezel Hybrid 1.5A X,Honda,10970,15-Mar-2017,SUV,57217,1496,https://i.i-sgcm.com/cars_used/202106/1006783_small.jpg
56666,Lancer EX 1.6A Sports,Mitsubishi,8770,13-Jun-2017,Sedan,76568,1590,https://i.i-sgcm.com/cars_used/202106/1006738_small.jpg
179800,7 Series 740Li Sunroof,BMW,25490,12-May-2016,Luxury,71000,2998,https://i.i-sgcm.com/cars_used/202106/1006728_small.jpg
85800,Dyna 150 3.0M,Toyota,9270,12-Nov-2020,Truck,20109,2982,https://i.i-sgcm.com/cars_used/202106/1006301_small.jpg
61800,Note 1.2A,Nissan,8120,29-Nov-2018,Hatchback,47000,1198,https://i.i-sgcm.com/cars_used/202105/999157_small.jpg
203988,GLB-Class GLB200 AMG Line Premium Plus,Mercedes-Benz,17860,20-May-2021,SUV,20,1332,https://i.i-sgcm.com/cars_used/202105/998244_small.jpg
64800,Rav4 2.4A (COE till 08/2029),Toyota,8080,17-Aug-2009,SUV,154700,2362,https://i.i-sgcm.com/cars_used/202105/995113_small.jpg
53888,Forester 2.0i-L Sunroof (OPC),Subaru,9620,31-May-2016,SUV,77575,1995,https://i.i-sgcm.com/cars_used/202105/992984_small.jpg
60800,Corolla Altis 1.6A Elegance,Toyota,10840,27-Apr-2016,Sedan,87000,1598,https://i.i-sgcm.com/cars_used/202105/991350_small.jpg
54800,3 1.5A Sunroof,Mazda,9030,16-Feb-2017,Sedan,58414,1496,https://i.i-sgcm.com/cars_used/202104/989555_small.jpg
155800,5 Series 530i Luxury,BMW,21970,25-Apr-2017,Luxury,49000,1998,https://i.i-sgcm.com/cars_used/202104/989259_small.jpg
105800,Civic 1.5A VTEC Turbo Sunroof,Honda,12200,30-Jan-2019,Sedan,21000,1498,https://i.i-sgcm.com/cars_used/202104/989158_small.jpg
106800,E-Class E200 Edition E Sunroof,Mercedes-Benz,15720,26-Apr-2016,Luxury,101000,1991,https://i.i-sgcm.com/cars_used/202104/986804_small.jpg
61999,Wish 1.8A Elegance,Toyota,10830,01-Jun-2016,MPV,91000,1798,https://i.i-sgcm.com/cars_used/202102/965379_small.jpg
52800,Estima 2.4A Aeras G (COE till 12/2027),Toyota,8260,11-Jan-2008,MPV,120000,2362,https://i.i-sgcm.com/cars_used/202108/1022112_small.jpg
94800,E-Class E250 CGI Cabriolet (COE till 08/2030),Mercedes-Benz,10550,05-Aug-2010,Sports,137854,1796,https://i.i-sgcm.com/cars_used/202108/1022110_small.jpg
24500,Hiace Commuter 3.0A High Roof (COE till 02/2025),Toyota,6900,01-Apr-2010,Bus,111900,2982,https://i.i-sgcm.com/cars_used/202108/1022101_small.jpg
60800,2 1.5A Standard Plus,Mazda,8540,08-Jun-2018,Sedan,42000,1496,https://i.i-sgcm.com/cars_used/202108/1020586_small.jpg
98800,Q50 2.0T Premium,Infiniti,11160,27-Aug-2018,Luxury,66000,1991,https://i.i-sgcm.com/cars_used/202107/1013445_small.jpg
117800,3 Series 318i Shadow Edition,BMW,14280,26-Jun-2018,Luxury,30000,1499,https://i.i-sgcm.com/cars_used/202107/1012840_small.jpg
70000,Forester 2.0XT Sunroof,Subaru,12460,18-Jun-2016,SUV,78000,1998,https://i.i-sgcm.com/cars_used/202107/1011719_small.jpg
115800,GLA-Class GLA180 Urban Edition,Mercedes-Benz,13420,21-Jan-2019,SUV,30000,1595,https://i.i-sgcm.com/cars_used/202107/1011342_small.jpg
71800,CX-3 2.0A Deluxe (OPC),Mazda,8380,22-Nov-2018,SUV,38000,1998,https://i.i-sgcm.com/cars_used/202107/1009947_small.jpg
46800,NNR85,Isuzu,9980,21-Apr-2016,Truck,112000,2999,https://i.i-sgcm.com/cars_used/202106/1009420_small.jpg
28800,Swift Sport 1.6A (COE till 02/2025),Suzuki,8260,05-Feb-2010,Hatchback,152000,1586,https://i.i-sgcm.com/cars_used/202106/1009128_small.jpg
54800,3 1.5A Sunroof,Mazda,8960,10-Mar-2017,Sedan,61576,1496,https://i.i-sgcm.com/cars_used/202106/1007674_small.jpg
77500,C-Class C180K Avantgarde (New 10-yr COE),Mercedes-Benz,7750,09-Jan-2012,Luxury,109300,1597,https://i.i-sgcm.com/cars_used/202106/1005247_small.jpg
166600,5 Series 520i Sport,BMW,18290,25-Jan-2019,Luxury,29821,1998,https://i.i-sgcm.com/cars_used/202106/1004487_small.jpg
55500,Accord Euro S 2.4A (COE till 03/2029),Honda,7270,07-May-2009,Luxury,156000,2354,https://i.i-sgcm.com/cars_used/202106/1004099_small.jpg
72800,Prius Hybrid 1.8A S,Toyota,11240,13-Nov-2017,Hatchback,55430,1797,https://i.i-sgcm.com/cars_used/202106/1004028_small.jpg
78800,Vezel Hybrid 1.5A,Honda,10810,20-Mar-2018,SUV,37310,1496,https://i.i-sgcm.com/cars_used/202106/1003038_small.jpg
66900,Tivoli Diesel 1.6A,Ssangyong,9000,18-Dec-2017,SUV,56051,1597,https://i.i-sgcm.com/cars_used/202105/993704_small.jpg
63800,HR-V 1.5A LX,Honda,10060,16-Dec-2016,SUV,73000,1496,https://i.i-sgcm.com/cars_used/202105/991787_small.jpg
53998,3 Series 320i XL (COE till 08/2028),BMW,7660,29-Aug-2008,Luxury,143818,1995,https://i.i-sgcm.com/cars_used/202108/1021803_small.jpg
18998,Freed 1.5A G 7-Seater (COE till 08/2023),Honda,9260,28-Oct-2008,MPV,158778,1496,https://i.i-sgcm.com/cars_used/202108/1020053_small.jpg
82800,2 HB 1.5A Deluxe,Mazda,8160,18-Aug-2020,Hatchback,13339,1496,https://i.i-sgcm.com/cars_used/202108/1019132_small.jpg
153800,S90 T5 Momentum,Volvo,15750,28-Nov-2019,Luxury,16800,1969,https://i.i-sgcm.com/cars_used/202107/1017799_small.jpg
157800,C-Class C180 Avantgarde,Mercedes-Benz,16260,02-Jan-2020,Luxury,15304,1595,https://i.i-sgcm.com/cars_used/202107/1017573_small.jpg
29800,Previa 2.4A,Toyota,14990,30-May-2012,MPV,100000,2362,https://i.i-sgcm.com/cars_used/202107/1017352_small.jpg
128800,A-Class A180 Style,Mercedes-Benz,13580,17-Dec-2019,Hatchback,15001,1332,https://i.i-sgcm.com/cars_used/202107/1017163_small.jpg
39000,Picnic 2.0A (COE till 11/2025),Toyota,9070,30-Nov-2005,MPV,148898,1998,https://i.i-sgcm.com/cars_used/202107/1015898_small.jpg
95000,GLA-Class GLA180 AMG Line,Mercedes-Benz,18020,14-Jan-2016,SUV,80000,1595,https://i.i-sgcm.com/cars_used/202107/1015860_small.jpg
228000,E-Class E300 Coupe AMG Line Premium Plus,Mercedes-Benz,23930,22-Apr-2019,Sports,40000,1991,https://i.i-sgcm.com/cars_used/202107/1015821_small.jpg
30800,Vios 1.5A E Sports (COE till 10/2025),Toyota,7300,12-Nov-2010,Sedan,105000,1497,https://i.i-sgcm.com/cars_used/202107/1015807_small.jpg
122000,B-Class B200,Mercedes-Benz,15660,21-Mar-2018,Hatchback,3000,1595,https://i.i-sgcm.com/cars_used/202107/1015803_small.jpg
22500,Jetta 1.4A TSI,Volkswagen,11610,28-Aug-2012,Sedan,122898,1390,https://i.i-sgcm.com/cars_used/202107/1015747_small.jpg
72800,Vios 1.5A E,Toyota,8460,24-May-2019,Sedan,36000,1496,https://i.i-sgcm.com/cars_used/202107/1015704_small.jpg
130800,C-Class C180 Avantgarde,Mercedes-Benz,15690,12-Jul-2018,Luxury,47352,1595,https://i.i-sgcm.com/cars_used/202107/1015701_small.jpg
990000,Huracan LP640-4 Performante,Lamborghini,113410,23-Jan-2018,Sports,2100,5204,https://i.i-sgcm.com/cars_used/202107/1015699_small.jpg
151000,CX-9 2.5A Turbo,Mazda,16500,08-Jul-2019,SUV,17286,2488,https://i.i-sgcm.com/cars_used/202107/1015696_small.jpg
180000,M Series M3 Sedan Individual,BMW,39590,02-Jan-2015,Sports,76000,2979,https://i.i-sgcm.com/cars_used/202107/1015686_small.jpg
97800,Civic 1.5A VTEC Turbo Sunroof,Honda,12080,02-Jul-2018,Sedan,20100,1498,https://i.i-sgcm.com/cars_used/202107/1015551_small.jpg
288800,A-Class A45 S AMG 4MATIC+,Mercedes-Benz,26830,08-Dec-2020,Sports,8155,1991,https://i.i-sgcm.com/cars_used/202107/1015509_small.jpg
43800,S-Max 2.3A Trend (COE till 02/2026),Ford,9650,25-Feb-2011,MPV,100000,2261,https://i.i-sgcm.com/cars_used/202107/1014687_small.jpg
59800,Prius Hybrid 1.8A (COE till 10/2029),Toyota,7280,29-Oct-2009,Hatchback,147000,1798,https://i.i-sgcm.com/cars_used/202107/1013301_small.jpg
143800,A-Class A180 Progressive,Mercedes-Benz,13280,03-Feb-2021,Hatchback,3438,1332,https://i.i-sgcm.com/cars_used/202107/1012253_small.jpg
62800,NHR87A,Isuzu,9360,26-Apr-2018,Truck,64500,1898,https://i.i-sgcm.com/cars_used/202107/1010192_small.jpg
63777,Cerato K3 1.6A,Kia,9510,13-Sep-2017,Sedan,11000,1591,https://i.i-sgcm.com/cars_used/202106/1008286_small.jpg
73777,Avante 1.6A GLS S,Hyundai,8810,26-Feb-2019,Sedan,41000,1591,https://i.i-sgcm.com/cars_used/202106/1008277_small.jpg
268800,CLS-Class CLS350 Coupe Mild Hybrid Sunroof,Mercedes-Benz,27780,28-Jan-2019,Luxury,78787,1991,https://i.i-sgcm.com/cars_used/202106/1008198_small.jpg
62800,Prius Hybrid 1.8A,Toyota,11810,13-Sep-2016,Hatchback,61485,1798,https://i.i-sgcm.com/cars_used/202106/1008071_small.jpg
48800,Fuso Canter FEB21,Mitsubishi,10110,10-Jun-2016,Truck,133500,2998,https://i.i-sgcm.com/cars_used/202106/1007688_small.jpg
59999,Jazz 1.5A RS,Honda,9640,27-Feb-2017,Hatchback,82000,1498,https://i.i-sgcm.com/cars_used/202106/1007608_small.jpg
36800,2 HB 1.5A V (New 5-yr COE),Mazda,7360,27-Sep-2011,Hatchback,135000,1498,https://i.i-sgcm.com/cars_used/202106/1005748_small.jpg
46800,APV 1.6A (COE till 08/2028),Suzuki,6700,04-Aug-2008,MPV,118000,1590,https://i.i-sgcm.com/cars_used/202106/1004940_small.jpg
95800,Freed Hybrid 1.5A G,Honda,12430,04-Sep-2018,MPV,54000,1496,https://i.i-sgcm.com/cars_used/202106/1003535_small.jpg
159800,5 Series 520d Touring,BMW,18740,29-Jun-2018,Luxury,34300,1995,https://i.i-sgcm.com/cars_used/202106/1001249_small.jpg
193800,5 Series 520i Luxury,BMW,19450,13-Nov-2019,Luxury,26339,1998,https://i.i-sgcm.com/cars_used/202105/997718_small.jpg
54999,Qashqai 1.2A DIG-T Premium,Nissan,10600,02-Mar-2016,SUV,88000,1197,https://i.i-sgcm.com/cars_used/202105/995469_small.jpg
67900,Tivoli XLV 1.6A,Ssangyong,9870,21-Jul-2017,SUV,67900,1597,https://i.i-sgcm.com/cars_used/202105/995354_small.jpg
68800,Jade Hybrid 1.5A Sensing,Honda,13280,08-Apr-2016,MPV,71071,1496,https://i.i-sgcm.com/cars_used/202104/988056_small.jpg
55900,Cerato K3 1.6A,Kia,8930,10-Mar-2017,Sedan,81640,1591,https://i.i-sgcm.com/cars_used/202104/987315_small.jpg
39900,Wish 1.8A (COE till 08/2027),Toyota,6650,11-Aug-2007,MPV,130251,1794,https://i.i-sgcm.com/cars_used/202103/974561_small.jpg
139000,Cayenne Turbo S 4.8A Tip (COE till 08/2030),Porsche,15560,24-Sep-2010,SUV,128200,4806,https://i.i-sgcm.com/cars_used/202003/895722_small.jpg
279000,Martin DB9 Cabriolet 6.0A (COE till 04/2029),Aston,36140,27-Jan-2011,Sports,22000,5935,https://i.i-sgcm.com/cars_used/201602/540570_small.jpg
199888,Cayenne 3.6A Tip Platinum Edition,Porsche,31750,21-Dec-2015,SUV,128097,3598,https://i.i-sgcm.com/cars_used/202108/1022046_small.jpg
91000,Sorento Diesel 2.2A CRDi Sunroof,Kia,12040,06-Nov-2017,SUV,115000,2199,https://i.i-sgcm.com/cars_used/202108/1021954_small.jpg
73786,Hiace 2.8A DX,Toyota,9020,15-Oct-2019,Van,41500,2754,https://i.i-sgcm.com/cars_used/202108/1021880_small.jpg
28800,Civic 1.6A VTi-S,Honda,11290,28-May-2013,Sedan,108000,1598,https://i.i-sgcm.com/cars_used/202108/1021839_small.jpg
109000,Odyssey 2.4A EXV-S Sunroof,Honda,13700,27-Apr-2018,MPV,26260,2356,https://i.i-sgcm.com/cars_used/202108/1021834_small.jpg
109000,Odyssey 2.4A EXV-S Sunroof,Honda,13700,27-Apr-2018,MPV,26260,2356,https://i.i-sgcm.com/cars_used/202108/1021834_small.jpg
257999,Wrangler Unlimited Rubicon 2.0A,Jeep,24470,08-Mar-2021,SUV,6000,1995,https://i.i-sgcm.com/cars_used/202108/1021822_small.jpg
173998,Alphard 2.5A S Moonroof,Toyota,18360,30-Aug-2019,MPV,29819,2493,https://i.i-sgcm.com/cars_used/202107/1017329_small.jpg
129800,CLA-Class CLA200 Urban,Mercedes-Benz,15370,13-Dec-2018,Luxury,5500,1595,https://i.i-sgcm.com/cars_used/202107/1015941_small.jpg
6800,Stream 1.8A RSZ (COE till 07/2022),Honda,7640,04-Jul-2007,MPV,100000,1799,https://i.i-sgcm.com/cars_used/202107/1015253_small.jpg
76800,CX-3 2.0A Standard,Mazda,9200,15-Jan-2019,SUV,54800,1998,https://i.i-sgcm.com/cars_used/202107/1015146_small.jpg
66777,Forester 2.0i-L Sunroof,Subaru,11120,10-Nov-2016,SUV,93000,1995,https://i.i-sgcm.com/cars_used/202107/1011816_small.jpg
143988,RX Turbo RX200t Luxury Sunroof,Lexus,21160,08-Sep-2016,SUV,83000,1998,https://i.i-sgcm.com/cars_used/202107/1011777_small.jpg
151800,XC60 T5 Momentum,Volvo,19250,27-Apr-2018,SUV,19000,1969,https://i.i-sgcm.com/cars_used/202107/1011497_small.jpg
60500,DS4 Crossback Diesel 1.6A BlueHDi,Citroen,9140,30-Jun-2017,SUV,67000,1560,https://i.i-sgcm.com/cars_used/202107/1011404_small.jpg
248800,E-Class E43 AMG 4MATIC,Mercedes-Benz,28290,06-Apr-2018,Luxury,39000,2996,https://i.i-sgcm.com/cars_used/202107/1010842_small.jpg
92636,A-Class A180 Style,Mercedes-Benz,12280,20-Feb-2018,Hatchback,71500,1595,https://i.i-sgcm.com/cars_used/202106/1009254_small.jpg
33800,Vios 1.5A E (COE till 06/2026),Toyota,6950,22-Jun-2011,Sedan,120200,1497,https://i.i-sgcm.com/cars_used/202106/1008818_small.jpg
92688,Vellfire 2.5A Z A-Edition Moonroof,Toyota,17670,14-Sep-2015,MPV,69000,2493,https://i.i-sgcm.com/cars_used/202106/1008455_small.jpg
35800,Corolla Altis 1.6A (New 5-yr COE),Toyota,7160,13-Jul-2011,Sedan,139000,1598,https://i.i-sgcm.com/cars_used/202106/1008302_small.jpg
64998,Cooper 1.6A (COE till 06/2031),MINI,6600,17-Jun-2011,Hatchback,104925,1598,https://i.i-sgcm.com/cars_used/202106/1007798_small.jpg
60515,Corolla Altis 1.6A Elegance,Toyota,10380,24-Jun-2016,Sedan,112000,1598,https://i.i-sgcm.com/cars_used/202106/1007561_small.jpg
86939,A-Class A180 Style,Mercedes-Benz,12820,18-Aug-2017,Hatchback,77000,1595,https://i.i-sgcm.com/cars_used/202106/1007164_small.jpg
136800,Sharan 2.0A TSI Sunroof,Volkswagen,13930,29-Nov-2019,MPV,23339,1984,https://i.i-sgcm.com/cars_used/202106/1006692_small.jpg
82515,Polo 1.0A TSI Comfortline,Volkswagen,9480,25-Apr-2019,Hatchback,43000,999,https://i.i-sgcm.com/cars_used/202106/1004766_small.jpg
54800,Corolla Altis 1.6A Classic,Toyota,9580,15-Jun-2016,Sedan,52457,1598,https://i.i-sgcm.com/cars_used/202106/1004430_small.jpg
60800,Fuso Canter FEB21,Mitsubishi,10520,23-May-2017,Truck,65500,2998,https://i.i-sgcm.com/cars_used/202106/1003132_small.jpg
15333,Corolla Altis 1.6A (COE till 05/2023),Toyota,8650,22-May-2008,Sedan,141400,1598,https://i.i-sgcm.com/cars_used/202105/996927_small.jpg
57800,Cerato K3 1.6A SX,Kia,8820,28-Feb-2017,Sedan,47526,1591,https://i.i-sgcm.com/cars_used/202104/989410_small.jpg
108800,Harrier 2.0A Elegance,Toyota,12300,30-Jan-2019,SUV,19000,1986,https://i.i-sgcm.com/cars_used/202104/987195_small.jpg
134800,IS Hybrid IS300h Executive,Lexus,15750,28-Sep-2018,Luxury,34700,2494,https://i.i-sgcm.com/cars_used/202104/984408_small.jpg
126800,X4 xDrive35i Sunroof,BMW,20570,15-Oct-2015,SUV,69339,2979,https://i.i-sgcm.com/cars_used/202102/966883_small.jpg
67998,Fuso Canter FEB21,Mitsubishi,9030,22-Feb-2019,Truck,63112,2998,https://i.i-sgcm.com/cars_used/202107/1018178_small.jpg
155500,S2000 2.0M (COE till 09/2028),Honda,21780,03-Oct-2008,Sports,117500,1997,https://i.i-sgcm.com/cars_used/202107/1016510_small.jpg
51500,3 Series 316i,BMW,12790,27-Aug-2014,Luxury,109000,1598,https://i.i-sgcm.com/cars_used/202107/1015934_small.jpg
170800,CLA-Class CLA180 AMG Line,Mercedes-Benz,15790,18-Dec-2020,Luxury,19000,1332,https://i.i-sgcm.com/cars_used/202107/1015889_small.jpg
24800,Elantra 1.6A,Hyundai,12520,06-May-2013,Sedan,119000,1591,https://i.i-sgcm.com/cars_used/202107/1015713_small.jpg
20900,Camry 2.0A (COE till 01/2024),Toyota,8750,02-Jan-2009,Luxury,150000,1998,https://i.i-sgcm.com/cars_used/202107/1015711_small.jpg
17800,Lancer EX 1.5A GLS (COE till 07/2023),Mitsubishi,9060,31-Jul-2008,Sedan,138000,1499,https://i.i-sgcm.com/cars_used/202107/1015693_small.jpg
48800,Q5 2.0A TFSI Quattro,Audi,38020,19-Apr-2012,SUV,82039,1984,https://i.i-sgcm.com/cars_used/202107/1015676_small.jpg
55800,Corolla Altis 1.6A,Toyota,10890,02-Nov-2015,Sedan,25200,1598,https://i.i-sgcm.com/cars_used/202107/1013702_small.jpg
15300,Jazz 1.3A L,Honda,9400,08-Mar-2012,Hatchback,100000,1339,https://i.i-sgcm.com/cars_used/202107/1013494_small.jpg
186800,Vellfire 2.5A Z,Toyota,17520,18-Sep-2020,MPV,23100,2493,https://i.i-sgcm.com/cars_used/202107/1013109_small.jpg
75800,Fit 1.3A GF,Honda,7870,13-Nov-2020,Hatchback,11282,1317,https://i.i-sgcm.com/cars_used/202106/1005002_small.jpg
48800,ISIS 1.8A LX (COE till 09/2028),Toyota,6850,24-Sep-2008,MPV,95100,1794,https://i.i-sgcm.com/cars_used/202108/1022105_small.jpg
198000,John Cooper Works Countryman 2.0A,MINI,18610,03-Jun-2021,Sports,250,1998,https://i.i-sgcm.com/cars_used/202106/1003013_small.jpg
62800,Impreza WRX-S 5D 2.5M (COE till 03/2028),Subaru,9500,22-Mar-2008,Sports,180000,2457,https://i.i-sgcm.com/cars_used/202106/1003012_small.jpg
55800,H3 3.7A (COE till 05/2024),Hummer,19910,26-Jun-2009,SUV,130000,3653,https://i.i-sgcm.com/cars_used/202106/1003004_small.jpg
69800,Scirocco 1.4A TSI (COE till 07/2030),Volkswagen,7780,25-Aug-2010,Sports,104000,1390,https://i.i-sgcm.com/cars_used/202106/1002986_small.jpg
63800,Jazz 1.3A,Honda,8890,21-Jun-2018,Hatchback,46000,1318,https://i.i-sgcm.com/cars_used/202106/1002963_small.jpg
268888,GranTurismo S 4.7A (COE till 04/2030),Maserati,30910,23-Apr-2010,Sports,129000,4691,https://i.i-sgcm.com/cars_used/202106/1002928_small.jpg
62000,Vezel 1.5A X,Honda,9530,24-Jul-2017,SUV,53300,1496,https://i.i-sgcm.com/cars_used/202106/1002860_small.jpg
97400,Avante 1.6A Elite Sunroof (OPC),Hyundai,9740,03-Apr-2021,Sedan,2400,1598,https://i.i-sgcm.com/cars_used/202106/1002851_small.jpg
92800,E-Class E200 Cabriolet,Mercedes-Benz,29130,27-Sep-2013,Sports,73000,1991,https://i.i-sgcm.com/cars_used/202106/1002845_small.jpg
428988,7 Series 750i xDrive M-Sport,BMW,34350,07-Jun-2021,Sports,75,4395,https://i.i-sgcm.com/cars_used/202106/1002839_small.jpg
58800,6 Series 630i Coupe (COE till 11/2027),BMW,9130,18-Jan-2008,Sports,113000,2996,https://i.i-sgcm.com/cars_used/202106/1002837_small.jpg
38900,C4 Picasso Diesel 1.6A e-HDi,Citroen,9230,18-Jun-2015,MPV,95544,1560,https://i.i-sgcm.com/cars_used/202106/1002831_small.jpg
84800,Shuttle Hybrid 1.5A,Honda,9750,11-Sep-2019,Stationwagon,137000,1496,https://i.i-sgcm.com/cars_used/202106/1002814_small.jpg
30888,Scirocco 1.4A TSI (COE till 09/2024),Volkswagen,9850,07-Oct-2009,Sports,99000,1390,https://i.i-sgcm.com/cars_used/202106/1002797_small.jpg
26800,Jazz 1.5A L Skyroof (COE till 04/2024),Honda,9860,02-Jun-2009,Hatchback,144000,1497,https://i.i-sgcm.com/cars_used/202106/1002775_small.jpg
58800,Vezel Hybrid 1.5A X,Honda,10550,12-Dec-2016,SUV,89289,1496,https://i.i-sgcm.com/cars_used/202106/1002766_small.jpg
56800,Cooper 1.6A (COE till 03/2029),MINI,7440,31-Mar-2009,Hatchback,177000,1598,https://i.i-sgcm.com/cars_used/202106/1002706_small.jpg
88000,A6 Avant 3.0A TFSI Quattro,Audi,55860,19-Jul-2012,Stationwagon,240000,2995,https://i.i-sgcm.com/cars_used/202106/1002181_small.jpg
47800,5 Series 528i,BMW,23440,30-Aug-2012,Luxury,161008,1997,https://i.i-sgcm.com/cars_used/202106/1001843_small.jpg
34000,Jetta Sport 1.4A TSI (COE till 08/2025),Volkswagen,8420,25-Aug-2010,Sedan,125000,1390,https://i.i-sgcm.com/cars_used/202105/1000208_small.jpg
150000,X1 sDrive18i,BMW,16370,28-Jun-2019,SUV,22700,1499,https://i.i-sgcm.com/cars_used/202105/999888_small.jpg
48000,Vivaro 1.6M,Opel,7880,15-Sep-2017,Van,55000,1598,https://i.i-sgcm.com/cars_used/202105/996005_small.jpg
163000,E-PACE 2.0A Prestige (249PS),Jaguar,17600,30-Sep-2019,SUV,12361,1997,https://i.i-sgcm.com/cars_used/202105/995977_small.jpg
71500,Cerato Forte Koup 1.6A SX Sunroof (COE till 06/2030),Kia,8040,20-Jul-2010,Sports,180000,1591,https://i.i-sgcm.com/cars_used/202105/995962_small.jpg
49800,3 1.5A Sunroof,Mazda,9810,26-Feb-2016,Sedan,98800,1496,https://i.i-sgcm.com/cars_used/202105/995961_small.jpg
61800,B-Class B180 (COE till 08/2030),Mercedes-Benz,6850,19-Aug-2010,Hatchback,135000,1699,https://i.i-sgcm.com/cars_used/202105/995950_small.jpg
85800,A-Class A180 Style,Mercedes-Benz,13310,12-May-2017,Hatchback,57000,1595,https://i.i-sgcm.com/cars_used/202105/995762_small.jpg
58800,Corolla Altis 1.6A Classic,Toyota,10540,04-May-2016,Sedan,60000,1598,https://i.i-sgcm.com/cars_used/202105/992970_small.jpg
850000,488 GTB,Ferrari,87910,11-Oct-2018,Sports,4800,3902,https://i.i-sgcm.com/cars_used/202104/982602_small.jpg
67999,Cooper 1.6A (COE till 04/2031),MINI,7000,16-Aug-2011,Hatchback,79000,1598,https://i.i-sgcm.com/cars_used/202104/982586_small.jpg
86800,HR-V 1.5A DX,Honda,9610,29-Jul-2019,SUV,23967,1496,https://i.i-sgcm.com/cars_used/202104/982564_small.jpg
50800,Qashqai 1.2A DIG-T,Nissan,10530,20-Oct-2015,SUV,136188,1197,https://i.i-sgcm.com/cars_used/202104/982476_small.jpg
36800,C-Class C180,Mercedes-Benz,20550,03-Sep-2012,Luxury,165000,1595,https://i.i-sgcm.com/cars_used/202103/975630_small.jpg
89888,Civic Type R 2.0M (COE till 04/2028),Honda,13380,30-Apr-2008,Sports,275000,1998,https://i.i-sgcm.com/cars_used/202103/975571_small.jpg
232800,Alphard 2.5A S C-Package Moonroof,Toyota,20670,05-Mar-2021,MPV,66,2493,https://i.i-sgcm.com/cars_used/202103/973948_small.jpg
91800,C-Class C200,Mercedes-Benz,16390,20-Oct-2015,Luxury,120000,1991,https://i.i-sgcm.com/cars_used/202102/971150_small.jpg
168988,GLA-Class GLA200 Sport,Mercedes-Benz,16020,25-Jan-2021,SUV,11,1332,https://i.i-sgcm.com/cars_used/202101/963760_small.jpg
122988,Passat 1.8A TSI Sunroof,Volkswagen,11200,30-Nov-2020,Luxury,9000,1798,https://i.i-sgcm.com/cars_used/202101/963750_small.jpg
68800,Fuso Canter FEA01,Mitsubishi,9230,25-Jan-2019,Truck,23000,2998,https://i.i-sgcm.com/cars_used/202101/963693_small.jpg
818800,Bentayga 4.0A,Bentley,67870,22-Jan-2021,SUV,88,3996,https://i.i-sgcm.com/cars_used/202101/963569_small.jpg
123988,Superb 2.0A TSI Ambition,Skoda,11670,30-Nov-2020,Luxury,17500,1984,https://i.i-sgcm.com/cars_used/202101/963568_small.jpg
163800,ES250 Executive Sunroof,Lexus,16910,15-Nov-2019,Luxury,31000,2487,https://i.i-sgcm.com/cars_used/202101/960323_small.jpg
74800,3 HB 1.5A Deluxe,Mazda,9550,29-Jun-2018,Hatchback,30000,1496,https://i.i-sgcm.com/cars_used/202011/946502_small.jpg
38800,IST 1.3A (COE till 05/2026),Toyota,8110,25-May-2006,Hatchback,132201,1298,https://i.i-sgcm.com/cars_used/202011/946353_small.jpg
173988,Stepwagon 1.5A G Welcab,Honda,17400,11-Sep-2020,MPV,88,1496,https://i.i-sgcm.com/cars_used/202009/927771_small.jpg
89988,Shuttle 1.5A G Sensing,Honda,9580,09-Jul-2020,Stationwagon,11,1496,https://i.i-sgcm.com/cars_used/202007/910284_small.jpg
275988,Mustang 2.3A Ecoboost,Ford,27580,06-Apr-2020,Sports,625,2261,https://i.i-sgcm.com/cars_used/202005/901063_small.jpg
75888,Sovereign 4.2A (COE till 12/2030),Daimler,7970,04-Jan-2011,Luxury,10000,4235,https://i.i-sgcm.com/cars_used/201912/874699_small.jpg
129800,UX200 Executive,Lexus,13890,25-Jun-2019,SUV,28000,1987,https://i.i-sgcm.com/cars_used/202108/1022107_small.jpg
55555,Vezel 1.5A X,Honda,11440,21-Jan-2016,SUV,46000,1496,https://i.i-sgcm.com/cars_used/202108/1022100_small.jpg
59300,Elantra 1.6A GLS,Hyundai,8720,07-Sep-2017,Sedan,46000,1591,https://i.i-sgcm.com/cars_used/202108/1019870_small.jpg
58800,Attrage 1.2A Sports,Mitsubishi,7150,28-Jun-2019,Sedan,23801,1193,https://i.i-sgcm.com/cars_used/202107/1011136_small.jpg
80800,Boxster 2.7A Tip (COE till 04/2029),Porsche,10470,01-Jun-2001,Sports,150000,2687,https://i.i-sgcm.com/cars_used/202106/1007443_small.jpg
48800,Polo GP 1.2A TSI Sunroof (OPC),Volkswagen,7360,24-Oct-2017,Hatchback,31548,1197,https://i.i-sgcm.com/cars_used/202108/1022104_small.jpg
48000,Civic 1.8A (COE till 08/2027),Honda,7950,27-Aug-2007,Sedan,140912,1799,https://i.i-sgcm.com/cars_used/202108/1022095_small.jpg
14900,Lancer 1.5A GLX (COE till 09/2023),Mitsubishi,7240,03-Sep-2008,Sedan,168769,1499,https://i.i-sgcm.com/cars_used/202107/1017868_small.jpg
83800,Corolla Altis 1.6A Elegance,Toyota,9030,17-Sep-2019,Sedan,36999,1598,https://i.i-sgcm.com/cars_used/202106/1008206_small.jpg
96800,3 Series 316i (New 10-yr COE),BMW,9670,12-Dec-2013,Luxury,97000,1598,https://i.i-sgcm.com/cars_used/202106/1003286_small.jpg
53900,Civic 1.8A VTi-S (COE till 04/2029),Honda,7000,23-Apr-2009,Sedan,150256,1799,https://i.i-sgcm.com/cars_used/202106/1003030_small.jpg
64800,Cooper 1.6A (COE till 04/2031),MINI,6670,15-Jun-2011,Hatchback,112000,1598,https://i.i-sgcm.com/cars_used/202105/991406_small.jpg
101800,Fit Hybrid 1.5A,Honda,10400,13-Jan-2021,Sedan,14000,1496,https://i.i-sgcm.com/cars_used/202108/1022094_small.jpg
78800,Fit 1.3A,Honda,7660,27-Jul-2021,Hatchback,89,1317,https://i.i-sgcm.com/cars_used/202108/1020414_small.jpg
57800,Pulsar 1.2A DIG-T Premium,Nissan,9370,18-May-2017,Hatchback,41000,1197,https://i.i-sgcm.com/cars_used/202105/999109_small.jpg
40800,E-Class E250 CGI Avantgarde (COE till 10/2024),Mercedes-Benz,12920,09-Oct-2009,Luxury,148000,1796,https://i.i-sgcm.com/cars_used/202105/998857_small.jpg
88800,C-Class C180 Coupe (New 10-yr COE),Mercedes-Benz,8880,25-Jul-2011,Sports,103000,1796,https://i.i-sgcm.com/cars_used/202105/993409_small.jpg
154800,TT Roadster 1.8A TFSI S-tronic,Audi,19660,07-Feb-2018,Sports,28400,1798,https://i.i-sgcm.com/cars_used/202104/986424_small.jpg
87800,Shuttle 1.5A G LED Sensing,Honda,8460,21-Jul-2021,Stationwagon,81,1496,https://i.i-sgcm.com/cars_used/202107/1017202_small.jpg
358800,Levante 3.0A GranSport,Maserati,33500,25-Jul-2020,SUV,25800,2979,https://i.i-sgcm.com/cars_used/202107/1016159_small.jpg
67800,Civic 1.6A VTi,Honda,10560,16-Jan-2017,Sedan,60000,1597,https://i.i-sgcm.com/cars_used/202107/1013893_small.jpg
19900,Lancer 1.6A GLX Sports (COE till 07/2024),Mitsubishi,6800,16-Jul-2009,Sedan,125287,1584,https://i.i-sgcm.com/cars_used/202107/1012842_small.jpg
115800,Freed Hybrid 1.5A G 7-Seater Sensing,Honda,10960,18-Jun-2021,MPV,78,1496,https://i.i-sgcm.com/cars_used/202106/1006770_small.jpg
67800,Sienta 1.5A G,Toyota,10180,29-Aug-2017,MPV,47000,1496,https://i.i-sgcm.com/cars_used/202108/1022090_small.jpg
96988,Civic 1.6A VTi,Honda,9600,20-Aug-2020,Sedan,11000,1597,https://i.i-sgcm.com/cars_used/202108/1022089_small.jpg
209800,E-Class E200 Mild Hybrid Sport,Mercedes-Benz,18410,15-Jul-2021,Luxury,79,1991,https://i.i-sgcm.com/cars_used/202107/1015397_small.jpg
60800,Mobilio 1.5A RS i-VTEC Luxe,Honda,10330,02-Aug-2016,MPV,82000,1497,https://i.i-sgcm.com/cars_used/202104/984612_small.jpg
157999,A5 Sportback 2.0A TFSI S-tronic Design,Audi,16420,31-Oct-2019,Luxury,16000,1984,https://i.i-sgcm.com/cars_used/202108/1022091_small.jpg
69800,ASX 2.0A,Mitsubishi,9850,01-Nov-2017,SUV,45900,1998,https://i.i-sgcm.com/cars_used/202108/1022064_small.jpg
45988,Wish 1.8A X (COE till 08/2028),Toyota,6550,18-Aug-2008,MPV,169000,1794,https://i.i-sgcm.com/cars_used/202108/1021136_small.jpg
66488,Passat 1.8A TSI Highline Sunroof,Volkswagen,11540,11-Jan-2016,Luxury,54800,1798,https://i.i-sgcm.com/cars_used/202108/1019997_small.jpg
72888,Harrier 2.0A Elegance Panoramic,Toyota,12800,08-Apr-2016,SUV,48000,1986,https://i.i-sgcm.com/cars_used/202107/1018265_small.jpg
77800,Odyssey 2.4A EXV-S Sunroof,Honda,13330,22-Mar-2016,MPV,87000,2356,https://i.i-sgcm.com/cars_used/202107/1016400_small.jpg
159800,E-Class E250 Avantgarde,Mercedes-Benz,18730,06-Feb-2018,Luxury,48000,1991,https://i.i-sgcm.com/cars_used/202107/1015896_small.jpg
72988,Shuttle Hybrid 1.5A,Honda,10290,18-Jun-2018,Stationwagon,50900,1496,https://i.i-sgcm.com/cars_used/202107/1014823_small.jpg
61800,Vezel 1.5A X,Honda,9470,02-Jun-2017,SUV,38000,1496,https://i.i-sgcm.com/cars_used/202106/1001494_small.jpg
368500,Gallardo LP570-4 Superleggera (COE till 04/2031),Lamborghini,37910,10-Jun-2011,Sports,43000,5204,https://i.i-sgcm.com/cars_used/202108/1022086_small.jpg
74888,Corolla Altis 1.6A Elegance,Toyota,9370,30-May-2018,Sedan,31000,1598,https://i.i-sgcm.com/cars_used/202107/1016392_small.jpg
55800,3 Series 316i Sport,BMW,14850,11-Apr-2014,Luxury,50700,1598,https://i.i-sgcm.com/cars_used/202106/1009436_small.jpg
59800,3 1.5A Sunroof,Mazda,9790,30-Nov-2016,Sedan,30314,1496,https://i.i-sgcm.com/cars_used/202108/1022087_small.jpg
152800,Golf GTI 5DR Sunroof,Volkswagen,16800,26-Jun-2019,Sports,17000,1984,https://i.i-sgcm.com/cars_used/202108/1022081_small.jpg
63800,Corolla Altis 1.6A Elegance,Toyota,9760,16-Feb-2017,Sedan,94000,1598,https://i.i-sgcm.com/cars_used/202107/1016377_small.jpg
77000,Golf GTI 5DR Sunroof (COE till 11/2029),Volkswagen,9270,03-Mar-2010,Sports,96000,1984,https://i.i-sgcm.com/cars_used/202105/1000229_small.jpg
39800,3 1.6A (New 5-yr COE),Mazda,7960,22-Jul-2011,Sedan,80000,1598,https://i.i-sgcm.com/cars_used/202105/992694_small.jpg
59800,Mini Club (New 10-yr COE),Austin,5980,05-Mar-1979,Others,62025,998,https://i.i-sgcm.com/cars_used/202108/1022083_small.jpg
97800,C-HR Hybrid 1.8A S Safety Sense,Toyota,10560,10-Oct-2019,SUV,18600,1797,https://i.i-sgcm.com/cars_used/202108/1022080_small.jpg
127800,E-Class E200 Avantgarde,Mercedes-Benz,17570,06-Jan-2017,Luxury,69000,1991,https://i.i-sgcm.com/cars_used/202106/1005370_small.jpg
61500,Vellfire 3.5A Z (COE till 09/2028),Toyota,8610,05-Jan-2009,MPV,88000,3456,https://i.i-sgcm.com/cars_used/202104/984741_small.jpg
6000,Doblo Panorama 1.4M Active (COE till 03/2022),Fiat,9730,26-Mar-2007,MPV,125359,1368,https://i.i-sgcm.com/cars_used/202108/1022068_small.jpg
43800,Vezel 1.5A X,Honda,11540,26-Dec-2014,SUV,127100,1496,https://i.i-sgcm.com/cars_used/202108/1020650_small.jpg
51800,2 HB 1.5A,Mazda,8930,30-Dec-2016,Hatchback,102000,1496,https://i.i-sgcm.com/cars_used/202107/1012431_small.jpg
118800,6 Wagon 2.5A Premium,Mazda,12500,27-Dec-2019,Stationwagon,34540,2488,https://i.i-sgcm.com/cars_used/202108/1022074_small.jpg
760000,Huracan Spyder LP610-4,Lamborghini,78900,27-Mar-2018,Sports,5400,5204,https://i.i-sgcm.com/cars_used/202108/1022072_small.jpg
71800,Avante 1.6A GLS S,Hyundai,8210,14-Jun-2019,Sedan,35000,1591,https://i.i-sgcm.com/cars_used/202108/1022071_small.jpg
54200,2 HB 1.5A Deluxe,Mazda,9180,14-Feb-2017,Hatchback,46300,1496,https://i.i-sgcm.com/cars_used/202108/1020593_small.jpg
153800,E-Class E200 Avantgarde,Mercedes-Benz,18530,20-Apr-2018,Luxury,35000,1991,https://i.i-sgcm.com/cars_used/202108/1022075_small.jpg
75800,Swift Hybrid 1.2A RS,Suzuki,8610,05-Nov-2019,Hatchback,32190,1242,https://i.i-sgcm.com/cars_used/202108/1022069_small.jpg
250000,Martin Rapide 6.0A,Aston,229580,29-Feb-2012,Sports,38000,5935,https://i.i-sgcm.com/cars_used/202108/1022066_small.jpg
19200,Stream 1.8A (COE till 03/2024),Honda,7280,24-Apr-2009,MPV,145000,1799,https://i.i-sgcm.com/cars_used/202107/1018358_small.jpg
26000,Cerato Forte Koup 1.6A SX Sunroof (COE till 10/2024),Kia,8070,17-Mar-2010,Sports,134000,1591,https://i.i-sgcm.com/cars_used/202106/1007238_small.jpg
61500,Vitara 1.6A GLX,Suzuki,9910,10-Mar-2017,SUV,45200,1586,https://i.i-sgcm.com/cars_used/202106/1002201_small.jpg
53000,Cerato K3 1.6A SX,Kia,9420,18-May-2016,Sedan,70200,1591,https://i.i-sgcm.com/cars_used/202104/988410_small.jpg
51500,5 Series 520i Highline,BMW,16030,31-May-2013,Luxury,115000,1997,https://i.i-sgcm.com/cars_used/202108/1022070_small.jpg
59900,Elantra 1.6A GLS,Hyundai,9110,27-Jul-2017,Sedan,67000,1591,https://i.i-sgcm.com/cars_used/202108/1022065_small.jpg
77800,C-Class C180K Avantgarde (COE till 01/2031),Mercedes-Benz,8210,14-Oct-2011,Luxury,120000,1597,https://i.i-sgcm.com/cars_used/202108/1022059_small.jpg
318800,S-Class S350d AMG Line,Mercedes-Benz,29880,17-Jul-2020,Luxury,12000,2925,https://i.i-sgcm.com/cars_used/202107/1012738_small.jpg
101888,Megane GT 1.6A,Renault,12340,08-Oct-2018,Hatchback,40000,1618,https://i.i-sgcm.com/cars_used/202107/1011252_small.jpg
25500,1 Series 116i,BMW,12550,16-Aug-2012,Hatchback,150000,1598,https://i.i-sgcm.com/cars_used/202108/1022063_small.jpg
155800,E-Class E250 AMG Line,Mercedes-Benz,20050,16-May-2017,Luxury,73000,1991,https://i.i-sgcm.com/cars_used/202107/1016391_small.jpg
82500,One 1.2A 5DR,MINI,12890,27-Jun-2017,Hatchback,31000,1198,https://i.i-sgcm.com/cars_used/202107/1015662_small.jpg
64800,3 1.5A Sunroof,Mazda,8750,13-Mar-2018,Sedan,50000,1496,https://i.i-sgcm.com/cars_used/202105/999535_small.jpg
74500,Forester 2.0i-L Sunroof,Subaru,10360,28-Feb-2018,SUV,43000,1995,https://i.i-sgcm.com/cars_used/202105/993475_small.jpg
193800,CLA-Class CLA45 AMG 4MATIC+,Mercedes-Benz,24690,07-Feb-2018,Sports,80000,1991,https://i.i-sgcm.com/cars_used/202108/1022060_small.jpg
92800,E-Class E250 (New 10-yr COE),Mercedes-Benz,9270,22-Nov-2011,Luxury,113888,1796,https://i.i-sgcm.com/cars_used/202108/1022058_small.jpg
68800,Sylphy 1.6A Premium,Nissan,8120,23-Jan-2019,Sedan,25300,1598,https://i.i-sgcm.com/cars_used/202108/1022057_small.jpg
11800,Fit 1.3A G (COE till 02/2023),Honda,7620,13-Jun-2008,Hatchback,175000,1339,https://i.i-sgcm.com/cars_used/202108/1022056_small.jpg
79000,Fit 1.3A GF,Honda,8110,15-Jan-2021,Hatchback,26000,1317,https://i.i-sgcm.com/cars_used/202108/1022047_small.jpg
65800,3 1.5A Sunroof,Mazda,8810,21-Mar-2018,Sedan,35000,1496,https://i.i-sgcm.com/cars_used/202108/1021904_small.jpg
65800,Civic 1.6A VTi,Honda,10880,05-Oct-2016,Sedan,80000,1597,https://i.i-sgcm.com/cars_used/202108/1021717_small.jpg
63800,Cooper S 1.6A Sunroof (COE till 10/2029),MINI,7770,28-Oct-2009,Sports,137692,1598,https://i.i-sgcm.com/cars_used/202107/1015868_small.jpg
108800,6 2.0A,Mazda,10110,28-May-2021,Luxury,1000,1998,https://i.i-sgcm.com/cars_used/202107/1015670_small.jpg
135800,A-Class Saloon A200 AMG Line Premium Plus,Mercedes-Benz,13640,02-Jan-2020,Luxury,60886,1332,https://i.i-sgcm.com/cars_used/202107/1013632_small.jpg
92800,5 Series 523i Highline (COE till 06/2031),BMW,9430,15-Jun-2011,Luxury,98500,2497,https://i.i-sgcm.com/cars_used/202106/1009486_small.jpg
45800,Corolla Altis 1.6A (COE till 11/2028),Toyota,6300,17-Nov-2008,Sedan,173207,1598,https://i.i-sgcm.com/cars_used/202105/998632_small.jpg
58800,Cooper S Cabriolet 1.6A Sidewalk (COE till 03/2028),MINI,8930,12-Mar-2008,Sports,103400,1598,https://i.i-sgcm.com/cars_used/202105/993070_small.jpg
59800,IS250 (COE till 12/2028),Lexus,8130,19-Dec-2008,Luxury,147200,2500,https://i.i-sgcm.com/cars_used/202103/977805_small.jpg
97800,3 Series 318i,BMW,14310,30-May-2017,Luxury,25400,1499,https://i.i-sgcm.com/cars_used/202108/1022055_small.jpg
98888,5 Series 520i (New 10-yr COE),BMW,9880,23-Dec-2011,Luxury,120256,1997,https://i.i-sgcm.com/cars_used/202108/1022053_small.jpg
110822,Cooper S Cabriolet 2.0A,MINI,17950,21-Nov-2016,Sports,46000,1998,https://i.i-sgcm.com/cars_used/202108/1022052_small.jpg
171800,E-Class E200 Avantgarde,Mercedes-Benz,18540,11-Dec-2018,Luxury,30000,1991,https://i.i-sgcm.com/cars_used/202108/1022049_small.jpg
301800,911 Carrera S Coupe 3.8A PDK,Porsche,147490,01-Mar-2013,Sports,172000,3800,https://i.i-sgcm.com/cars_used/202106/1009320_small.jpg
289800,S-Class S450L,Mercedes-Benz,31980,09-Mar-2018,Luxury,96888,2996,https://i.i-sgcm.com/cars_used/202106/1007646_small.jpg
23800,Corolla Altis 1.6A (COE till 07/2024),Toyota,8020,31-Jul-2009,Sedan,136344,1598,https://i.i-sgcm.com/cars_used/202106/1002889_small.jpg
128800,Boxster 2.7A Tip (COE till 03/2030),Porsche,15010,12-Mar-2010,Sports,77304,2687,https://i.i-sgcm.com/cars_used/202106/1002296_small.jpg
87800,Forester 2.0i-L Sunroof,Subaru,11070,04-Dec-2018,SUV,62000,1995,https://i.i-sgcm.com/cars_used/202106/1001300_small.jpg
91800,4 Series 428i Gran Coupe Sport Sunroof,BMW,20080,28-Aug-2014,Luxury,75000,1997,https://i.i-sgcm.com/cars_used/202103/979741_small.jpg
168800,M Series X6 M Sunroof (New 10-yr COE),BMW,16870,23-Dec-2011,SUV,169000,4395,https://i.i-sgcm.com/cars_used/202103/973096_small.jpg
43800,C4 Picasso Diesel 1.6A BlueHDi,Citroen,8950,02-Dec-2015,MPV,64448,1560,https://i.i-sgcm.com/cars_used/202108/1022043_small.jpg
65800,CLA-Class CLA180,Mercedes-Benz,15850,13-Feb-2015,Luxury,101000,1595,https://i.i-sgcm.com/cars_used/202108/1022041_small.jpg
101800,Harrier 2.0A Turbo G Panoramic,Toyota,13780,07-Aug-2017,SUV,73274,1998,https://i.i-sgcm.com/cars_used/202106/1007020_small.jpg
50800,Corolla Altis 1.6A Classic,Toyota,10580,29-Jul-2015,Sedan,108177,1598,https://i.i-sgcm.com/cars_used/202106/1005394_small.jpg
62800,A-Class A200,Mercedes-Benz,14360,12-Jun-2015,Hatchback,60640,1595,https://i.i-sgcm.com/cars_used/202104/987684_small.jpg
141800,Camry 2.5A,Toyota,13010,29-Dec-2020,Luxury,3700,2487,https://i.i-sgcm.com/cars_used/202104/985047_small.jpg
173800,7 Series 730Li Sunroof,BMW,22680,06-Jan-2017,Luxury,67000,1998,https://i.i-sgcm.com/cars_used/202108/1022045_small.jpg
133800,A7 Sportback 3.0A TFSI Quattro (New 10-yr COE),Audi,13370,31-May-2012,Luxury,100000,2995,https://i.i-sgcm.com/cars_used/202108/1021677_small.jpg
70900,Vios 1.5A E,Toyota,8770,29-Nov-2018,Sedan,37600,1496,https://i.i-sgcm.com/cars_used/202107/1015120_small.jpg
78888,C-Class C180 Avantgarde,Mercedes-Benz,18440,11-Feb-2015,Luxury,131000,1595,https://i.i-sgcm.com/cars_used/202108/1022029_small.jpg
71800,Avante 1.6A GLS,Hyundai,8210,01-Aug-2019,Sedan,38442,1591,https://i.i-sgcm.com/cars_used/202107/1012216_small.jpg
96800,C-HR Hybrid 1.8A G,Toyota,12220,22-Jun-2018,SUV,29206,1797,https://i.i-sgcm.com/cars_used/202106/1005405_small.jpg
48800,NV200 1.6A DX,Nissan,7230,11-May-2018,Van,39579,1597,https://i.i-sgcm.com/cars_used/202103/974960_small.jpg
85800,XC60 T5 2.0A,Volvo,13990,15-Apr-2016,SUV,107500,1969,https://i.i-sgcm.com/cars_used/202108/1022035_small.jpg
84800,Golf 1.4A TSI Comfortline,Volkswagen,9700,23-Apr-2019,Hatchback,29000,1395,https://i.i-sgcm.com/cars_used/202108/1022018_small.jpg
45800,Corolla Altis 1.6A (COE till 04/2029),Toyota,5930,09-Feb-2010,Sedan,157924,1598,https://i.i-sgcm.com/cars_used/202108/1022032_small.jpg
61800,Tucson 2.0A GLS (OPC),Hyundai,11240,16-Apr-2016,SUV,49348,1999,https://i.i-sgcm.com/cars_used/202108/1022020_small.jpg
158000,GranTurismo 4.2A (COE till 09/2030),Maserati,17290,14-Jan-2011,Sports,118000,4244,https://i.i-sgcm.com/cars_used/202106/1009066_small.jpg
88888,Q3 1.4A TFSI S-Tronic,Audi,13010,17-Feb-2017,SUV,123500,1395,https://i.i-sgcm.com/cars_used/202108/1022016_small.jpg
15388,Aveo5 1.4A (COE till 03/2024),Chevrolet,5840,16-Dec-2009,Hatchback,115554,1399,https://i.i-sgcm.com/cars_used/202108/1022027_small.jpg
15800,Terios 1.5A (COE till 05/2023),Daihatsu,9010,15-May-2008,SUV,171038,1495,https://i.i-sgcm.com/cars_used/202108/1022022_small.jpg
75800,Wish 1.8A,Toyota,10690,09-Oct-2017,MPV,49272,1798,https://i.i-sgcm.com/cars_used/202108/1022019_small.jpg
92800,E-Class E250 CGI Coupe (COE till 12/2030),Mercedes-Benz,9880,11-Jan-2011,Sports,58704,1796,https://i.i-sgcm.com/cars_used/202106/1002193_small.jpg
21500,Corolla Altis 1.6A (COE till 08/2024),Toyota,7040,18-Sep-2009,Sedan,160000,1598,https://i.i-sgcm.com/cars_used/202105/996786_small.jpg
23000,Wish 1.8A X (COE till 07/2024),Toyota,7850,17-Jul-2009,MPV,160000,1794,https://i.i-sgcm.com/cars_used/202105/996784_small.jpg
136800,A-Class Saloon A200 Progressive,Mercedes-Benz,14040,15-Jan-2020,Luxury,21000,1332,https://i.i-sgcm.com/cars_used/202108/1022008_small.jpg
21000,Corolla Altis 1.6A (COE till 08/2024),Toyota,7010,11-Aug-2009,Sedan,160000,1598,https://i.i-sgcm.com/cars_used/202105/996785_small.jpg
151800,X1 sDrive20i M-Sport,BMW,15190,18-Dec-2019,SUV,35800,1998,https://i.i-sgcm.com/cars_used/202108/1022013_small.jpg
25800,Cruze 1.6A,Chevrolet,10220,27-Jun-2013,Sedan,136000,1598,https://i.i-sgcm.com/cars_used/202107/1017256_small.jpg
63000,Odyssey 2.4A EX-S 8-Seater,Honda,13820,18-Mar-2015,MPV,84648,2356,https://i.i-sgcm.com/cars_used/202105/991569_small.jpg
61500,Mobilio 1.5A RS i-VTEC Luxe,Honda,10260,08-Sep-2016,MPV,76483,1497,https://i.i-sgcm.com/cars_used/202103/973210_small.jpg
57500,Cooper Clubman 1.6A (COE till 10/2029),MINI,6990,05-Nov-2009,Hatchback,180000,1598,https://i.i-sgcm.com/cars_used/202102/970023_small.jpg
428800,Continental GT 4.0A V8 S,Bentley,70440,04-Jun-2015,Sports,45000,3993,https://i.i-sgcm.com/cars_used/202108/1022014_small.jpg
218800,3 Series 330i M-Sport,BMW,19600,16-Nov-2020,Luxury,7724,1998,https://i.i-sgcm.com/cars_used/202108/1022009_small.jpg
82800,Golf Cabriolet 1.4A TSI (New 10-yr COE),Volkswagen,8280,15-Mar-2012,Sports,88000,1390,https://i.i-sgcm.com/cars_used/202108/1022007_small.jpg
61800,5 Series 520i XL (COE till 02/2029),BMW,8190,27-Feb-2009,Luxury,85000,1995,https://i.i-sgcm.com/cars_used/202107/1016960_small.jpg
45800,Stream 1.8A (COE till 09/2028),Honda,6450,16-Sep-2008,MPV,167000,1799,https://i.i-sgcm.com/cars_used/202107/1016718_small.jpg
44900,Sonata 2.0A GLS,Hyundai,8930,29-Jul-2015,Luxury,83000,1999,https://i.i-sgcm.com/cars_used/202108/1022000_small.jpg
111800,1 Series 118i 5DR Sport,BMW,12640,28-Mar-2019,Hatchback,43895,1499,https://i.i-sgcm.com/cars_used/202108/1021999_small.jpg
82855,5 Series 523i (COE till 09/2030),BMW,9070,30-Nov-2010,Luxury,119000,2497,https://i.i-sgcm.com/cars_used/202108/1021998_small.jpg
37800,3 1.5A Deluxe,Mazda,10880,05-Sep-2014,Sedan,120000,1496,https://i.i-sgcm.com/cars_used/202108/1021996_small.jpg
57800,Polo GP 1.2A TSI Sunroof,Volkswagen,10060,30-Dec-2016,Hatchback,69085,1197,https://i.i-sgcm.com/cars_used/202108/1021994_small.jpg
18800,Premio 1.5A F (COE till 04/2024),Toyota,6970,23-Apr-2009,Sedan,149000,1496,https://i.i-sgcm.com/cars_used/202108/1021992_small.jpg
62800,IS250 Luxury (COE till 07/2028),Lexus,9110,03-Jul-2008,Luxury,166000,2500,https://i.i-sgcm.com/cars_used/202108/1021818_small.jpg
105800,Vellfire 2.5A Z A-Edition Moonroof,Toyota,17650,24-Jun-2016,MPV,85000,2493,https://i.i-sgcm.com/cars_used/202107/1011745_small.jpg
69800,Dyna 150 3.0M,Toyota,9750,08-Oct-2018,Truck,59000,2982,https://i.i-sgcm.com/cars_used/202108/1021997_small.jpg
83888,3 Series 335i Coupe Sunroof (COE till 11/2028),BMW,11550,14-Nov-2008,Sports,148000,2979,https://i.i-sgcm.com/cars_used/202108/1021989_small.jpg
183900,John Cooper Works 2.0A Sunroof,MINI,17900,24-Jun-2020,Sports,3500,1998,https://i.i-sgcm.com/cars_used/202106/1005750_small.jpg
62800,S-Class S350L (COE till 12/2027),Mercedes-Benz,9830,16-Jan-2008,Luxury,140000,3498,https://i.i-sgcm.com/cars_used/202106/1002681_small.jpg
47800,Wish 1.8A (New 5-yr COE),Toyota,9550,22-Aug-2011,MPV,118000,1798,https://i.i-sgcm.com/cars_used/202105/998078_small.jpg
73999,Sportsvan 1.4A Highline,Volkswagen,9750,27-Nov-2017,Hatchback,42000,1395,https://i.i-sgcm.com/cars_used/202108/1021990_small.jpg
93822,X1 sDrive18i xLine,BMW,13980,30-Mar-2017,SUV,62000,1499,https://i.i-sgcm.com/cars_used/202108/1021988_small.jpg
56500,Ibiza 1.0A EcoTSI FR,SEAT,8520,14-Dec-2017,Hatchback,55000,999,https://i.i-sgcm.com/cars_used/202108/1021986_small.jpg
159800,E-Class E250 Avantgarde,Mercedes-Benz,19270,29-Nov-2017,Luxury,72000,1991,https://i.i-sgcm.com/cars_used/202108/1021973_small.jpg
19800,Vios 1.5A E (COE till 09/2024),Toyota,6330,28-Sep-2009,Sedan,155000,1497,https://i.i-sgcm.com/cars_used/202108/1021962_small.jpg
58800,Corolla Altis 1.6A Elegance,Toyota,10380,03-May-2016,Sedan,66300,1598,https://i.i-sgcm.com/cars_used/202107/1017612_small.jpg
181000,3 Series 320i Luxury,BMW,16950,28-Aug-2020,Luxury,13200,1998,https://i.i-sgcm.com/cars_used/202107/1013461_small.jpg
84800,Qashqai 1.2A DIG-T Premium,Nissan,10230,23-Nov-2018,SUV,23000,1197,https://i.i-sgcm.com/cars_used/202105/993217_small.jpg
77800,V60 T2,Volvo,11440,19-Jan-2017,Stationwagon,53800,1498,https://i.i-sgcm.com/cars_used/202108/1021987_small.jpg
88000,6 2.0A,Mazda,10520,24-Jan-2019,Luxury,32500,1998,https://i.i-sgcm.com/cars_used/202108/1019722_small.jpg
70000,Fuso Fighter FM65 (New 5-yr COE),Mitsubishi,13990,19-Aug-2011,Truck,82991,7545,https://i.i-sgcm.com/cars_used/202108/1021984_small.jpg
140800,Panamera Diesel 3.0A Platinum Edition,Porsche,52620,18-Apr-2013,Sports,84000,2967,https://i.i-sgcm.com/cars_used/202108/1021983_small.jpg
58000,Shuttle Hybrid 1.5A,Honda,10560,14-Nov-2016,Stationwagon,62000,1496,https://i.i-sgcm.com/cars_used/202108/1021979_small.jpg
96800,Golf R 5DR Sunroof (COE till 06/2030),Volkswagen,10940,18-Jun-2010,Sports,190000,1984,https://i.i-sgcm.com/cars_used/202106/1005386_small.jpg
30800,C-Class C180K,Mercedes-Benz,20610,17-May-2012,Luxury,131000,1597,https://i.i-sgcm.com/cars_used/202108/1021982_small.jpg
617400,911 Carrera S Coupe 3.0A PDK,Porsche,50840,02-Jul-2021,Sports,68,2981,https://i.i-sgcm.com/cars_used/202108/1021978_small.jpg
39900,S60 Diesel D2,Volvo,10010,27-Jun-2014,Luxury,139332,1560,https://i.i-sgcm.com/cars_used/202108/1021977_small.jpg
159800,5 Series 530i SE,BMW,19990,26-Oct-2017,Luxury,51400,1998,https://i.i-sgcm.com/cars_used/202108/1021972_small.jpg
69500,Sienta Hybrid 1.5A G LED Safety Sense,Toyota,11150,16-Aug-2017,MPV,50000,1496,https://i.i-sgcm.com/cars_used/202108/1021975_small.jpg
42800,C-Class C180K,Mercedes-Benz,14490,26-Jun-2013,Luxury,100000,1595,https://i.i-sgcm.com/cars_used/202108/1021958_small.jpg
76988,C-HR Hybrid 1.8A S LED,Toyota,10680,08-May-2018,SUV,38237,1797,https://i.i-sgcm.com/cars_used/202107/1011466_small.jpg
24500,Corolla Altis 1.6A Elegance,Toyota,12790,12-Dec-2012,Sedan,85000,1598,https://i.i-sgcm.com/cars_used/202108/1021971_small.jpg
113800,Z4 sDrive35i (COE till 11/2030),BMW,12230,16-Mar-2011,Sports,155000,2979,https://i.i-sgcm.com/cars_used/202108/1021969_small.jpg
33000,Golf 1.4A TSI (COE till 05/2025),Volkswagen,8860,04-May-2010,Hatchback,149000,1390,https://i.i-sgcm.com/cars_used/202108/1021967_small.jpg
165000,S-Class S400L Hybrid AMG Line,Mercedes-Benz,27800,01-Sep-2014,Luxury,12000,3498,https://i.i-sgcm.com/cars_used/202108/1021964_small.jpg
72888,Forester 2.0XT Sunroof,Subaru,12530,19-Aug-2016,SUV,59000,1998,https://i.i-sgcm.com/cars_used/202108/1021957_small.jpg
108800,Civic HB 1.5A VTEC Turbo Sport,Honda,13700,27-Apr-2018,Hatchback,89000,1498,https://i.i-sgcm.com/cars_used/202108/1021965_small.jpg
230000,911 Carrera Coupe,Porsche,212990,01-Jun-2012,Sports,95000,3436,https://i.i-sgcm.com/cars_used/202108/1021961_small.jpg
64800,A3 Sportback 1.8A TFSI (COE till 08/2030),Audi,7170,26-Aug-2010,Hatchback,126875,1798,https://i.i-sgcm.com/cars_used/202108/1021959_small.jpg
69800,HR-V 1.5A LX,Honda,10120,14-Aug-2017,SUV,33000,1496,https://i.i-sgcm.com/cars_used/202107/1017428_small.jpg
69000,2 Series 216d Gran Tourer Luxury,BMW,12970,18-Dec-2015,MPV,70000,1496,https://i.i-sgcm.com/cars_used/202108/1021960_small.jpg
17988,Colt Plus 1.5A (COE till 02/2024),Mitsubishi,7250,04-Feb-2009,Hatchback,126000,1499,https://i.i-sgcm.com/cars_used/202108/1021944_small.jpg
90800,V60 Cross Country T5 Sunroof,Volvo,12680,11-May-2017,Stationwagon,35899,1969,https://i.i-sgcm.com/cars_used/202108/1021835_small.jpg
480000,Cayenne Coupe 3.0A,Porsche,40170,15-Jun-2021,SUV,1000,2995,https://i.i-sgcm.com/cars_used/202106/1009380_small.jpg
348500,Flying Spur 4.0A V8,Bentley,48070,27-May-2015,Luxury,63000,3993,https://i.i-sgcm.com/cars_used/202106/1002457_small.jpg
528900,Panamera Turbo 4.0A PDK,Porsche,59510,12-Mar-2017,Sports,25000,3996,https://i.i-sgcm.com/cars_used/202105/999359_small.jpg
70800,C-Class C180 Avantgarde,Mercedes-Benz,17670,12-Nov-2014,Luxury,86700,1595,https://i.i-sgcm.com/cars_used/202108/1021843_small.jpg
141800,E-PACE 2.0A Prestige,Jaguar,16080,16-May-2019,SUV,37325,1997,https://i.i-sgcm.com/cars_used/202108/1021833_small.jpg
373800,Levante 3.0A GranSport,Maserati,33030,22-Mar-2021,SUV,7000,2979,https://i.i-sgcm.com/cars_used/202108/1021664_small.jpg
57800,V40 T2,Volvo,11130,18-Dec-2015,Hatchback,76700,1498,https://i.i-sgcm.com/cars_used/202108/1020050_small.jpg
98000,4 Series 428i Coupe M-Sport Sunroof,BMW,21270,12-Jun-2014,Sports,123000,1997,https://i.i-sgcm.com/cars_used/202108/1021956_small.jpg
71800,Hiace 3.0M,Toyota,8830,27-Sep-2019,Van,42985,2982,https://i.i-sgcm.com/cars_used/202106/1000858_small.jpg
67800,NV350 2.5M,Nissan,8690,30-May-2019,Van,51800,2488,https://i.i-sgcm.com/cars_used/202105/996205_small.jpg
19800,Corolla Altis 1.6A (COE till 03/2024),Toyota,7550,27-Mar-2009,Sedan,113731,1598,https://i.i-sgcm.com/cars_used/202108/1021955_small.jpg
21800,SX4 1.6A (COE till 04/2024),Suzuki,8020,28-May-2009,Sedan,129000,1586,https://i.i-sgcm.com/cars_used/202108/1021945_small.jpg
103800,HR-V 1.5A LX,Honda,9660,04-Feb-2021,SUV,6000,1496,https://i.i-sgcm.com/cars_used/202108/1021891_small.jpg
155800,Cayenne Diesel 3.0A Tip,Porsche,31450,20-Aug-2014,SUV,78000,2967,https://i.i-sgcm.com/cars_used/202108/1021714_small.jpg
78800,C-Class C180K (New 10-yr COE),Mercedes-Benz,7880,11-Jun-2012,Luxury,98000,1597,https://i.i-sgcm.com/cars_used/202108/1021646_small.jpg
78200,CC 2.0A TSI R-Line,Volkswagen,12750,24-Feb-2016,Luxury,83000,1984,https://i.i-sgcm.com/cars_used/202107/1010938_small.jpg
49800,Vezel 1.5A X,Honda,10490,26-Nov-2015,SUV,50000,1496,https://i.i-sgcm.com/cars_used/202108/1021951_small.jpg
55500,Polo GP 1.2A TSI Sunroof,Volkswagen,8570,28-Sep-2017,Hatchback,75000,1197,https://i.i-sgcm.com/cars_used/202107/1018248_small.jpg
71800,Jazz 1.5A RS,Honda,9510,11-Apr-2018,Hatchback,65888,1498,https://i.i-sgcm.com/cars_used/202106/1006188_small.jpg
66500,Mobilio 1.5A RS i-VTEC Luxe,Honda,10200,02-Mar-2017,MPV,77300,1497,https://i.i-sgcm.com/cars_used/202104/989208_small.jpg
22500,Veloster 1.6A GDi,Hyundai,12160,17-Oct-2012,Hatchback,103000,1591,https://i.i-sgcm.com/cars_used/202104/988556_small.jpg
266800,R8 Spyder 5.2A FSI Quattro R-tronic (COE till 04/2031),Audi,27520,21-Apr-2011,Sports,47879,5204,https://i.i-sgcm.com/cars_used/202104/987628_small.jpg
169000,Panamera 4 3.6A PDK (New 10-yr COE),Porsche,16890,06-Jan-2012,Sports,114300,3605,https://i.i-sgcm.com/cars_used/202108/1021953_small.jpg
50800,Jazz 1.5A,Honda,9760,31-Mar-2016,Hatchback,90000,1498,https://i.i-sgcm.com/cars_used/202108/1021952_small.jpg
57800,Accent 1.4A,Hyundai,7840,22-Jun-2018,Sedan,28067,1368,https://i.i-sgcm.com/cars_used/202108/1021947_small.jpg
75800,Vios 1.5A E,Toyota,8390,29-Oct-2019,Sedan,34000,1496,https://i.i-sgcm.com/cars_used/202108/1021909_small.jpg
23800,Dispatch 2.0A,Citroen,7790,01-Sep-2014,Van,103003,1997,https://i.i-sgcm.com/cars_used/202107/1015250_small.jpg
51888,Elantra 1.6A GLS,Hyundai,8840,27-Oct-2016,Sedan,48000,1591,https://i.i-sgcm.com/cars_used/202106/1007909_small.jpg
148000,Cooper S Countryman 2.0A,MINI,14760,06-Jan-2020,Sports,23000,1998,https://i.i-sgcm.com/cars_used/202104/990149_small.jpg
103800,M Series X6 M Individual,BMW,76240,02-Apr-2012,SUV,134256,4395,https://i.i-sgcm.com/cars_used/202102/966914_small.jpg
160000,C-Class C200 Mild Hybrid SE,Mercedes-Benz,17200,25-Jul-2019,Luxury,42000,1497,https://i.i-sgcm.com/cars_used/202108/1021940_small.jpg
161800,Q7 2.0A TFSI Quattro Tip,Audi,19820,12-Sep-2017,SUV,120000,1984,https://i.i-sgcm.com/cars_used/202108/1020710_small.jpg
24800,Vios 1.5A E (COE till 10/2024),Toyota,7700,16-Dec-2009,Sedan,158500,1497,https://i.i-sgcm.com/cars_used/202106/1004179_small.jpg
258800,C-Class C63 Coupe AMG Black Series,Mercedes-Benz,125440,05-Feb-2013,Sports,58000,6208,https://i.i-sgcm.com/cars_used/202108/1021946_small.jpg
147800,X1 sDrive18i,BMW,13610,16-Dec-2020,SUV,4113,1499,https://i.i-sgcm.com/cars_used/202108/1021942_small.jpg
77000,Fit 1.3A GF,Honda,8120,25-Sep-2020,Hatchback,20800,1317,https://i.i-sgcm.com/cars_used/202108/1021939_small.jpg
182800,E-Class E200 AMG Line,Mercedes-Benz,20860,20-Jul-2018,Luxury,40000,1991,https://i.i-sgcm.com/cars_used/202108/1020832_small.jpg
62800,C4 Cactus 1.2A PureTech,Citroen,7440,29-Oct-2018,SUV,34000,1199,https://i.i-sgcm.com/cars_used/202107/1018837_small.jpg
65800,City 1.5A SV,Honda,8710,06-Mar-2018,Sedan,43000,1497,https://i.i-sgcm.com/cars_used/202107/1017948_small.jpg
178800,5 Series 530e Plug-in Hybrid iPerformance,BMW,19800,12-Sep-2018,Luxury,16000,1998,https://i.i-sgcm.com/cars_used/202107/1015179_small.jpg
95800,X1 sDrive20i,BMW,14860,28-Sep-2016,SUV,58000,1998,https://i.i-sgcm.com/cars_used/202107/1015085_small.jpg
127800,Cooper S Cabriolet 2.0A,MINI,18360,30-Aug-2017,Sports,34000,1998,https://i.i-sgcm.com/cars_used/202107/1014303_small.jpg
64800,Sylphy 1.6A,Nissan,8220,30-Jun-2018,Sedan,45000,1598,https://i.i-sgcm.com/cars_used/202107/1014124_small.jpg
35800,5008 Diesel 1.6A e-HDi ETG,Peugeot,9400,04-Sep-2014,MPV,55000,1560,https://i.i-sgcm.com/cars_used/202107/1013110_small.jpg
87800,1 Series 118i 5DR,BMW,12400,12-Dec-2017,Hatchback,33000,1499,https://i.i-sgcm.com/cars_used/202106/1005851_small.jpg
84800,Astra 1.4A Turbo,Opel,9300,27-Jun-2019,Hatchback,40000,1399,https://i.i-sgcm.com/cars_used/202106/1004163_small.jpg
110800,6 2.0A Executive,Mazda,10500,30-Nov-2020,Luxury,8000,1998,https://i.i-sgcm.com/cars_used/202106/1002200_small.jpg
84800,Sienta 1.5A Elegance,Toyota,9580,12-Jun-2019,MPV,11000,1496,https://i.i-sgcm.com/cars_used/202105/998602_small.jpg
118800,GLA-Class GLA200 Urban Edition,Mercedes-Benz,13890,22-Nov-2018,SUV,34000,1595,https://i.i-sgcm.com/cars_used/202104/988573_small.jpg
146800,NX300 Executive,Lexus,16550,31-Dec-2018,SUV,68000,1998,https://i.i-sgcm.com/cars_used/202104/983131_small.jpg
89800,3 Mild Hybrid 1.5A Classic,Mazda,8920,08-Apr-2021,Sedan,3200,1496,https://i.i-sgcm.com/cars_used/202108/1021943_small.jpg
47800,Focus Titanium 1.0A GTDI 5DR,Ford,8150,26-Aug-2016,Hatchback,80000,999,https://i.i-sgcm.com/cars_used/202108/1021941_small.jpg
99800,E-Class E250 CGI Avantgarde (New 10-yr COE),Mercedes-Benz,9970,13-Oct-2011,Luxury,67200,1796,https://i.i-sgcm.com/cars_used/202108/1021938_small.jpg
768000,Martin DBX 4.0A,Aston,65770,31-Dec-2020,Sports,6740,3982,https://i.i-sgcm.com/cars_used/202108/1021933_small.jpg
122800,GLA-Class GLA180 Urban Edition,Mercedes-Benz,13150,26-Sep-2019,SUV,26000,1595,https://i.i-sgcm.com/cars_used/202108/1020749_small.jpg
53800,Mobilio 1.5A RS i-VTEC Luxe,Honda,10510,20-Oct-2015,MPV,72000,1497,https://i.i-sgcm.com/cars_used/202108/1019551_small.jpg
85800,X1 sDrive18i,BMW,14850,01-Jun-2016,SUV,60000,1499,https://i.i-sgcm.com/cars_used/202107/1018597_small.jpg
55800,Elantra 1.6A GLS S,Hyundai,8140,08-Sep-2017,Sedan,90000,1591,https://i.i-sgcm.com/cars_used/202107/1017320_small.jpg
38800,Hiace 3.0A (COE till 04/2026),Toyota,8220,11-Jul-2011,Van,136000,2982,https://i.i-sgcm.com/cars_used/202107/1014635_small.jpg
67800,Cooper 1.6A (COE till 08/2030),MINI,7500,24-Aug-2010,Hatchback,111000,1598,https://i.i-sgcm.com/cars_used/202107/1013126_small.jpg
110800,Octavia 2.0A TSI RS,Skoda,13160,30-Nov-2018,Sedan,35000,1984,https://i.i-sgcm.com/cars_used/202107/1012492_small.jpg
228000,Silver Spur II (COE till 04/2030),Rolls-Royce,26150,26-Sep-1990,Luxury,36000,6750,https://i.i-sgcm.com/cars_used/202107/1010176_small.jpg
127800,A4 2.0A TFSI S-tronic,Audi,13740,27-Jun-2019,Luxury,29000,1984,https://i.i-sgcm.com/cars_used/202106/1009850_small.jpg
120000,A-Class A180 SE,Mercedes-Benz,12870,31-Oct-2019,Hatchback,13000,1332,https://i.i-sgcm.com/cars_used/202106/1007725_small.jpg
153800,Q3 1.4A TFSI S-Tronic,Audi,14610,30-Jan-2021,SUV,5000,1395,https://i.i-sgcm.com/cars_used/202106/1003737_small.jpg
137800,E-Class E200 Avantgarde Sunroof,Mercedes-Benz,18140,11-Jul-2017,Luxury,63000,1991,https://i.i-sgcm.com/cars_used/202105/997517_small.jpg
105800,3008 1.2A PureTech EAT8 Active,Peugeot,10300,31-Aug-2020,SUV,8000,1199,https://i.i-sgcm.com/cars_used/202104/985299_small.jpg
77000,3 Series 320i Efficient Dynamics,BMW,18700,21-Nov-2014,Luxury,102000,1598,https://i.i-sgcm.com/cars_used/202101/964628_small.jpg
99888,Harrier 2.0A Turbo G Panoramic,Toyota,12880,25-Sep-2017,SUV,85628,1998,https://i.i-sgcm.com/cars_used/202108/1021937_small.jpg
35800,5 Series 520i,BMW,22670,27-Mar-2012,Luxury,120000,1997,https://i.i-sgcm.com/cars_used/202108/1021936_small.jpg
80800,XC60 T5 2.0A,Volvo,15250,29-Jul-2015,SUV,86000,1969,https://i.i-sgcm.com/cars_used/202107/1018273_small.jpg
58800,CLA-Class CLA180 AMG Line,Mercedes-Benz,16780,10-Jun-2014,Luxury,140000,1595,https://i.i-sgcm.com/cars_used/202107/1016860_small.jpg
45800,5 Series ActiveHybrid 5 Sunroof,BMW,19220,29-Dec-2012,Luxury,95000,2979,https://i.i-sgcm.com/cars_used/202107/1015342_small.jpg
32800,Urvan 3.0A (New 5-yr COE),Nissan,6560,21-Sep-2011,Van,155278,2953,https://i.i-sgcm.com/cars_used/202107/1014287_small.jpg
204800,5 Series 530i M-Sport,BMW,20170,05-Jul-2019,Luxury,34000,1998,https://i.i-sgcm.com/cars_used/202107/1011899_small.jpg
75800,Jazz 1.3A,Honda,8150,24-Jun-2020,Hatchback,19000,1318,https://i.i-sgcm.com/cars_used/202107/1010132_small.jpg
112800,Rav4 2.0A Premium,Toyota,12570,05-Apr-2019,SUV,36000,1987,https://i.i-sgcm.com/cars_used/202106/1007614_small.jpg
125800,C-Class C200 Coupe AMG Line Sunroof,Mercedes-Benz,18050,22-Mar-2017,Sports,55000,1991,https://i.i-sgcm.com/cars_used/202106/1006697_small.jpg
172800,GranCabrio 4.7A (COE till 08/2030),Maserati,19080,16-Sep-2010,Sports,77000,4691,https://i.i-sgcm.com/cars_used/202106/1006272_small.jpg
68800,3 Series 318i Sunroof (COE till 01/2031),BMW,7260,31-May-2011,Luxury,113000,1995,https://i.i-sgcm.com/cars_used/202106/1004834_small.jpg
157800,IS Hybrid IS300h Executive,Lexus,14940,11-Aug-2020,Luxury,10000,2494,https://i.i-sgcm.com/cars_used/202106/1004599_small.jpg
160800,Rover Discovery Sport 2.0A SE 7-Seater Sunroof,Land,16360,21-Nov-2019,SUV,20427,1997,https://i.i-sgcm.com/cars_used/202107/1010663_small.jpg
87500,Q50 2.0T,Infiniti,12080,20-Apr-2017,Luxury,60000,1991,https://i.i-sgcm.com/cars_used/202108/1021910_small.jpg
136800,A-Class A200 AMG Line Premium Plus Sunroof,Mercedes-Benz,13910,13-Dec-2019,Hatchback,24000,1332,https://i.i-sgcm.com/cars_used/202106/1009661_small.jpg
135800,Z4 sDrive28i,BMW,19100,13-Mar-2017,Sports,28500,1997,https://i.i-sgcm.com/cars_used/202106/1006564_small.jpg
74700,A4 1.4A TFSI S-tronic,Audi,13290,22-Mar-2016,Luxury,87000,1395,https://i.i-sgcm.com/cars_used/202108/1021932_small.jpg
159000,6 Series 650i Cabriolet (COE till 01/2031),BMW,16780,28-Jun-2011,Sports,41522,4395,https://i.i-sgcm.com/cars_used/202108/1019320_small.jpg
89800,Renegade Limited 1.4A,Jeep,11400,27-Apr-2018,SUV,35000,1368,https://i.i-sgcm.com/cars_used/202107/1015008_small.jpg
73800,C-HR Hybrid 1.8A S,Toyota,11200,23-Dec-2017,SUV,48617,1797,https://i.i-sgcm.com/cars_used/202108/1021930_small.jpg
180800,Macan 2.0A PDK,Porsche,26540,01-Nov-2016,SUV,37000,1984,https://i.i-sgcm.com/cars_used/202108/1021929_small.jpg
54800,2 1.5A Deluxe,Mazda,8630,17-Mar-2017,Sedan,51960,1496,https://i.i-sgcm.com/cars_used/202108/1021925_small.jpg
26800,Picnic 2.0A (COE till 10/2024),Toyota,8510,05-Oct-2009,MPV,143000,1998,https://i.i-sgcm.com/cars_used/202107/1018909_small.jpg
74800,Qashqai 1.2A DIG-T Premium,Nissan,10560,22-Dec-2017,SUV,64258,1197,https://i.i-sgcm.com/cars_used/202105/999819_small.jpg
82800,Sienta 1.5A Elegance,Toyota,10000,30-Nov-2018,MPV,28112,1496,https://i.i-sgcm.com/cars_used/202105/999804_small.jpg
69800,Fit 1.3A G F-Package,Honda,8470,01-Jul-2019,Hatchback,21217,1317,https://i.i-sgcm.com/cars_used/202105/994972_small.jpg
99800,Santa Fe 2.4A GLS,Hyundai,13280,19-Mar-2018,SUV,28000,2359,https://i.i-sgcm.com/cars_used/202103/975652_small.jpg
218800,GranTurismo 4.2A,Maserati,29770,16-Oct-2015,Sports,65000,4244,https://i.i-sgcm.com/cars_used/202108/1021928_small.jpg
56998,3 Series 316i M-Sport,BMW,14730,16-May-2014,Luxury,85119,1598,https://i.i-sgcm.com/cars_used/202108/1021802_small.jpg
92800,CLA-Class CLA180 Shooting Brake Urban,Mercedes-Benz,13350,18-May-2017,Stationwagon,70800,1595,https://i.i-sgcm.com/cars_used/202108/1021636_small.jpg
75000,Avante 1.6A GLS,Hyundai,8060,11-Feb-2020,Sedan,35000,1591,https://i.i-sgcm.com/cars_used/202107/1014934_small.jpg
137800,Cooper S Clubman 2.0A,MINI,15350,22-Feb-2019,Sports,11000,1998,https://i.i-sgcm.com/cars_used/202106/1001577_small.jpg
138500,Rover Range Rover Evoque 2.0A 5DR Sunroof,Land,16640,14-Oct-2016,SUV,67000,1999,https://i.i-sgcm.com/cars_used/202108/1021914_small.jpg
71800,X-Trail 2.0A Premium 7-Seater Sunroof,Nissan,12100,28-Jul-2016,SUV,48788,1997,https://i.i-sgcm.com/cars_used/202107/1010501_small.jpg
65800,3 1.5A Deluxe,Mazda,9870,28-Jul-2017,Sedan,60000,1496,https://i.i-sgcm.com/cars_used/202108/1021921_small.jpg
51800,A1 Sportback 1.0A TFSI S-tronic,Audi,11810,20-Aug-2015,Hatchback,99000,999,https://i.i-sgcm.com/cars_used/202108/1021918_small.jpg
40800,Elantra 1.6A GLS S,Hyundai,9700,03-Mar-2015,Sedan,105800,1591,https://i.i-sgcm.com/cars_used/202108/1020306_small.jpg
66800,Shuttle 1.5A G LED Sensing,Honda,9640,12-Jan-2018,Stationwagon,48300,1496,https://i.i-sgcm.com/cars_used/202107/1018529_small.jpg
75800,Qashqai 1.2A DIG-T Premium,Nissan,9920,26-Mar-2018,SUV,76500,1197,https://i.i-sgcm.com/cars_used/202107/1011248_small.jpg
72800,Wish 1.8A X,Toyota,11060,31-Mar-2017,MPV,50000,1797,https://i.i-sgcm.com/cars_used/202106/1004059_small.jpg
97800,Odyssey 2.4A EXV-S Sunroof,Honda,13920,19-May-2017,MPV,29552,2356,https://i.i-sgcm.com/cars_used/202108/1021911_small.jpg
139777,S-Class S350L BlueTEC,Mercedes-Benz,26720,03-Apr-2014,Luxury,91000,2987,https://i.i-sgcm.com/cars_used/202108/1021881_small.jpg
112800,Vellfire 2.5A Z G-Edition Moonroof,Toyota,19010,30-Mar-2016,MPV,92000,2493,https://i.i-sgcm.com/cars_used/202107/1018952_small.jpg
64800,Qashqai 2.0A Premium Moonroof,Nissan,9780,29-Mar-2017,SUV,97700,1997,https://i.i-sgcm.com/cars_used/202101/963767_small.jpg
22000,Fit 1.3A G (COE till 04/2024),Honda,8140,25-Apr-2009,Hatchback,186500,1339,https://i.i-sgcm.com/cars_used/202108/1021905_small.jpg
57800,Wish 1.8A Elegance (COE till 01/2030),Toyota,6840,21-Jan-2010,MPV,132241,1797,https://i.i-sgcm.com/cars_used/202108/1020817_small.jpg
46800,Cerato K3 1.6A EX,Kia,9390,27-Oct-2015,Sedan,103850,1591,https://i.i-sgcm.com/cars_used/202107/1018011_small.jpg
43800,Terios 1.5M (COE till 05/2027),Daihatsu,7550,08-Jun-2007,SUV,71888,1495,https://i.i-sgcm.com/cars_used/202107/1016379_small.jpg
60800,Avante 1.6A GLS (OPC),Hyundai,6870,19-Jul-2019,Sedan,30200,1591,https://i.i-sgcm.com/cars_used/202106/1008235_small.jpg
52800,Cerato K3 1.6A SX,Kia,9480,29-Apr-2016,Sedan,96600,1591,https://i.i-sgcm.com/cars_used/202105/992160_small.jpg
65800,Forester 2.0i-L Sunroof,Subaru,12530,31-Mar-2016,SUV,98398,1995,https://i.i-sgcm.com/cars_used/202104/986954_small.jpg
59800,Forester 2.0i-L Sunroof,Subaru,12230,28-Nov-2015,SUV,112118,1995,https://i.i-sgcm.com/cars_used/202104/986648_small.jpg
69800,C-Class C180 Avantgarde,Mercedes-Benz,17510,13-Oct-2014,Luxury,114000,1595,https://i.i-sgcm.com/cars_used/202108/1021907_small.jpg
88800,Prius Hybrid 1.8A S,Toyota,10880,05-Dec-2018,Hatchback,56000,1797,https://i.i-sgcm.com/cars_used/202107/1011333_small.jpg
128800,GLA-Class GLA180 Urban Edition,Mercedes-Benz,13420,07-Jan-2020,SUV,15000,1595,https://i.i-sgcm.com/cars_used/202108/1021906_small.jpg
44800,5008 Diesel 1.6A e-HDi ETG,Peugeot,8690,13-Nov-2015,MPV,132000,1560,https://i.i-sgcm.com/cars_used/202108/1021900_small.jpg
55800,Elantra 1.6A GLS,Hyundai,8430,27-Jul-2017,Sedan,55000,1591,https://i.i-sgcm.com/cars_used/202108/1021874_small.jpg
97800,2 Series 216i Gran Tourer,BMW,11720,22-Jun-2018,MPV,24000,1499,https://i.i-sgcm.com/cars_used/202108/1021004_small.jpg
330800,GLE-Class GLE450 Mild Hybrid AMG Line 4MATIC,Mercedes-Benz,29960,14-Jul-2020,SUV,17000,2999,https://i.i-sgcm.com/cars_used/202107/1011988_small.jpg
44800,CR-V 2.4A Sunroof (COE till 12/2027),Honda,7010,14-Jan-2008,SUV,118000,2354,https://i.i-sgcm.com/cars_used/202108/1021897_small.jpg
163000,X3 sDrive20i xLine,BMW,18910,28-Nov-2018,SUV,66000,1998,https://i.i-sgcm.com/cars_used/202106/1005899_small.jpg
137800,B-Class B180 Style,Mercedes-Benz,14170,24-Feb-2020,Hatchback,13000,1332,https://i.i-sgcm.com/cars_used/202105/998782_small.jpg
125800,GLA-Class GLA180 Urban Edition,Mercedes-Benz,13420,18-Oct-2019,SUV,36000,1595,https://i.i-sgcm.com/cars_used/202105/998780_small.jpg
84300,E-Class E200 CGI (COE till 04/2031),Mercedes-Benz,8680,29-Apr-2011,Luxury,125000,1796,https://i.i-sgcm.com/cars_used/202105/992852_small.jpg
155800,C-Class C200 Mild Hybrid Exclusive,Mercedes-Benz,16310,15-Jul-2019,Luxury,18000,1497,https://i.i-sgcm.com/cars_used/202104/987499_small.jpg
78800,Avante 1.6A GLS Elite,Hyundai,8360,11-Dec-2019,Sedan,27000,1591,https://i.i-sgcm.com/cars_used/202104/983829_small.jpg
39800,Elantra 1.6A Elite (New 5-yr COE),Hyundai,7960,12-Oct-2011,Sedan,94000,1591,https://i.i-sgcm.com/cars_used/202108/1021899_small.jpg
65800,3 Series 316i,BMW,15100,30-Apr-2015,Luxury,85000,1598,https://i.i-sgcm.com/cars_used/202108/1021895_small.jpg
310800,S-Class S320L,Mercedes-Benz,46840,26-Oct-2016,Luxury,80000,2996,https://i.i-sgcm.com/cars_used/202106/1007201_small.jpg
446800,AMG GT 53 Coupe Mild Hybrid 4MATIC+,Mercedes-Benz,44030,13-Jun-2019,Sports,10000,2999,https://i.i-sgcm.com/cars_used/202105/998856_small.jpg
147800,C-Class C180 Avantgarde,Mercedes-Benz,15930,25-Jul-2019,Luxury,13000,1595,https://i.i-sgcm.com/cars_used/202104/987785_small.jpg
88999,Vito 114 CDI,Mercedes-Benz,10410,28-Feb-2020,Van,15000,2143,https://i.i-sgcm.com/cars_used/202102/969274_small.jpg
355888,LC500,Lexus,44590,18-Aug-2017,Sports,25000,4969,https://i.i-sgcm.com/cars_used/202108/1021894_small.jpg
69800,S60 T4 (New 10-yr COE),Volvo,6980,31-Oct-2011,Luxury,128000,1596,https://i.i-sgcm.com/cars_used/202108/1021890_small.jpg
86800,C-Class C180 Avantgarde,Mercedes-Benz,16840,08-Sep-2015,Luxury,91188,1595,https://i.i-sgcm.com/cars_used/202107/1018797_small.jpg
38800,Corolla Altis 1.6A (New 5-yr COE),Toyota,7760,18-Jul-2011,Sedan,95000,1598,https://i.i-sgcm.com/cars_used/202107/1013872_small.jpg
75000,Q50 2.0T,Infiniti,12040,26-May-2016,Luxury,75000,1991,https://i.i-sgcm.com/cars_used/202105/994037_small.jpg
13500,Corolla Axio 1.5A X (COE till 04/2023),Toyota,7960,24-Apr-2008,Sedan,149125,1496,https://i.i-sgcm.com/cars_used/202108/1021893_small.jpg
67800,Previa 2.4A (COE till 08/2030),Toyota,7490,17-Sep-2010,MPV,110000,2362,https://i.i-sgcm.com/cars_used/202108/1020759_small.jpg
48800,Fuso Canter FEA01,Mitsubishi,9070,29-Dec-2016,Truck,29052,2998,https://i.i-sgcm.com/cars_used/202106/1008041_small.jpg
97888,Q3 1.4A TFSI S-tronic,Audi,12950,21-Sep-2017,SUV,48000,1395,https://i.i-sgcm.com/cars_used/202106/1003936_small.jpg
64800,CLA-Class CLA180,Mercedes-Benz,17770,09-Sep-2014,Luxury,78500,1595,https://i.i-sgcm.com/cars_used/202105/1000266_small.jpg
84000,2 Series 218i Coupe Sunroof,BMW,15230,28-Apr-2016,Sports,50000,1499,https://i.i-sgcm.com/cars_used/202105/997952_small.jpg
84800,Vezel 1.5A X Sensing,Honda,10270,25-Sep-2018,SUV,15000,1496,https://i.i-sgcm.com/cars_used/202104/989540_small.jpg
45988,Vezel 1.5A X (OPC),Honda,7510,05-Jan-2017,SUV,43000,1496,https://i.i-sgcm.com/cars_used/202108/1021889_small.jpg
72999,Cerato 1.6A GT Line Sunroof (OPC),Kia,7670,25-Nov-2019,Sedan,23800,1591,https://i.i-sgcm.com/cars_used/202108/1021872_small.jpg
55888,Sienta Hybrid 1.5A X,Toyota,11020,17-Jun-2016,MPV,57235,1496,https://i.i-sgcm.com/cars_used/202108/1021823_small.jpg
74800,Shuttle 1.5A G,Honda,9000,09-Apr-2019,Stationwagon,30000,1496,https://i.i-sgcm.com/cars_used/202108/1021708_small.jpg
90800,HR-V 1.5A DX,Honda,9550,20-Jan-2020,SUV,13000,1496,https://i.i-sgcm.com/cars_used/202108/1019455_small.jpg
74800,Transporter T6,Volkswagen,9180,03-Oct-2019,Van,48977,1968,https://i.i-sgcm.com/cars_used/202107/1017979_small.jpg
71800,XV 1.6i-S,Subaru,10160,18-Dec-2017,SUV,47268,1600,https://i.i-sgcm.com/cars_used/202107/1017769_small.jpg
32787,Odyssey 2.4A (COE till 03/2026),Honda,7170,08-Mar-2006,MPV,125257,2354,https://i.i-sgcm.com/cars_used/202107/1017301_small.jpg
55787,3 Series 316i,BMW,14010,26-Sep-2014,Luxury,81212,1598,https://i.i-sgcm.com/cars_used/202107/1016714_small.jpg
68998,Sienta 1.5A Standard,Toyota,9380,25-Jan-2018,MPV,28512,1496,https://i.i-sgcm.com/cars_used/202107/1010576_small.jpg
78787,C-Class C180K (New 10-yr COE),Mercedes-Benz,7870,20-Jun-2012,Luxury,115629,1597,https://i.i-sgcm.com/cars_used/202106/1006603_small.jpg
82800,Hiace 2.8A Super GL Dark Prime,Toyota,11200,02-Jan-2019,Van,120000,2754,https://i.i-sgcm.com/cars_used/202106/1004554_small.jpg
81988,Carens Diesel 1.7A,Kia,10480,16-May-2018,MPV,54000,1685,https://i.i-sgcm.com/cars_used/202105/996234_small.jpg
188800,S-Class S400L,Mercedes-Benz,26050,18-Jan-2016,Luxury,93500,2996,https://i.i-sgcm.com/cars_used/202105/992504_small.jpg
66000,Hiace 3.0A DX,Toyota,11460,16-May-2017,Van,51313,2982,https://i.i-sgcm.com/cars_used/202108/1021886_small.jpg
95800,X1 sDrive18i,BMW,14950,03-Jan-2017,SUV,51000,1499,https://i.i-sgcm.com/cars_used/202108/1021885_small.jpg
65998,Veloster 1.6A,Hyundai,9920,25-May-2017,Hatchback,69976,1591,https://i.i-sgcm.com/cars_used/202108/1019931_small.jpg
108800,Harrier 2.0A Turbo M,Toyota,13470,21-May-2018,SUV,72000,1998,https://i.i-sgcm.com/cars_used/202107/1017972_small.jpg
75787,C-Class C180K (COE till 07/2031),Mercedes-Benz,7610,27-Jul-2011,Luxury,125385,1597,https://i.i-sgcm.com/cars_used/202107/1016766_small.jpg
77800,Harrier 2.0A Elegance,Toyota,13780,04-May-2016,SUV,63000,1986,https://i.i-sgcm.com/cars_used/202107/1016345_small.jpg
82988,Shuttle Hybrid 1.5A G,Honda,9780,12-Jun-2019,Stationwagon,15000,1496,https://i.i-sgcm.com/cars_used/202105/993815_small.jpg
20998,Stream 1.8A RSZ (COE till 01/2024),Honda,8500,06-Feb-2009,MPV,145380,1799,https://i.i-sgcm.com/cars_used/202105/992373_small.jpg
80988,Vezel Hybrid 1.5A X,Honda,10480,07-May-2018,SUV,38000,1496,https://i.i-sgcm.com/cars_used/202105/991356_small.jpg
112988,ES250 Luxury Sunroof,Lexus,15030,29-Jun-2017,Luxury,50000,2494,https://i.i-sgcm.com/cars_used/202103/981981_small.jpg
103998,7 Series 730Li Sunroof (COE till 04/2031),BMW,10700,27-May-2011,Luxury,105980,2996,https://i.i-sgcm.com/cars_used/202102/966296_small.jpg
68988,Golf 1.4A TSI EQP Sunroof,Volkswagen,11480,16-Dec-2016,Hatchback,13700,1395,https://i.i-sgcm.com/cars_used/202108/1021676_small.jpg
128988,GLA-Class GLA180 Urban Edition,Mercedes-Benz,12920,16-Jul-2020,SUV,19000,1595,https://i.i-sgcm.com/cars_used/202108/1020894_small.jpg
68988,XV 1.6i-S,Subaru,9850,17-Nov-2017,SUV,38400,1600,https://i.i-sgcm.com/cars_used/202108/1020887_small.jpg
67988,Qashqai 2.0A Premium Moonroof,Nissan,10240,20-Apr-2017,SUV,32700,1997,https://i.i-sgcm.com/cars_used/202108/1019908_small.jpg
54800,Note 1.2A,Nissan,7600,28-Jun-2018,Hatchback,77500,1198,https://i.i-sgcm.com/cars_used/202108/1019848_small.jpg
69800,Wish 1.8A,Toyota,10140,06-Jul-2017,MPV,92000,1798,https://i.i-sgcm.com/cars_used/202107/1018401_small.jpg
62800,5 2.0A Sunroof,Mazda,9910,30-Nov-2016,MPV,70000,1998,https://i.i-sgcm.com/cars_used/202107/1017085_small.jpg
51800,Clio 1.2A TCe,Renault,8560,15-May-2017,Hatchback,63000,1197,https://i.i-sgcm.com/cars_used/202107/1017072_small.jpg
70988,Forester 2.0i-L Sunroof,Subaru,10950,06-Jun-2017,SUV,43000,1995,https://i.i-sgcm.com/cars_used/202107/1015018_small.jpg
58800,Note 1.2A,Nissan,8030,15-Aug-2018,Hatchback,56000,1198,https://i.i-sgcm.com/cars_used/202107/1011282_small.jpg
69787,A4 1.8A TFSI MU (COE till 07/2030),Audi,7780,30-Jul-2010,Luxury,116363,1798,https://i.i-sgcm.com/cars_used/202106/1006617_small.jpg
48988,Lancer EX 1.6A Sports (OPC),Mitsubishi,7270,29-Jun-2017,Sedan,24000,1590,https://i.i-sgcm.com/cars_used/202106/1002538_small.jpg
83800,Wish 1.8A X,Toyota,11210,13-Mar-2018,MPV,28302,1798,https://i.i-sgcm.com/cars_used/202106/1002085_small.jpg
38888,Elantra 1.6A Elite,Hyundai,11020,18-Jul-2014,Sedan,85000,1591,https://i.i-sgcm.com/cars_used/202105/995870_small.jpg
62800,Elantra 1.6A GLS S,Hyundai,8940,20-Dec-2017,Sedan,55000,1591,https://i.i-sgcm.com/cars_used/202105/995757_small.jpg
106800,A8L 3.0A TFSI Quattro (COE till 12/2030),Audi,11370,20-Jan-2011,Luxury,73000,2995,https://i.i-sgcm.com/cars_used/202108/1021888_small.jpg
86988,Octavia 1.4A TSI Ambition,Skoda,9580,06-Sep-2019,Sedan,36000,1395,https://i.i-sgcm.com/cars_used/202108/1021681_small.jpg
50988,Clio 1.2A TCe,Renault,8410,18-May-2017,Hatchback,80000,1197,https://i.i-sgcm.com/cars_used/202107/1015242_small.jpg
13800,Civic 1.6A VTi (COE till 04/2023),Honda,8070,29-Apr-2008,Sedan,168000,1595,https://i.i-sgcm.com/cars_used/202107/1011066_small.jpg
79988,Vezel 1.5A X,Honda,9410,11-Jun-2019,SUV,32000,1496,https://i.i-sgcm.com/cars_used/202106/1007248_small.jpg
72800,Wish 1.8A X (New 10-yr COE),Toyota,7280,28-Jul-2011,MPV,112000,1798,https://i.i-sgcm.com/cars_used/202105/996924_small.jpg
11200,Lancer EX 1.5A GLS (COE till 01/2023),Mitsubishi,7660,29-Jan-2008,Sedan,134300,1499,https://i.i-sgcm.com/cars_used/202108/1021613_small.jpg
143800,C-Class C180 Avantgarde,Mercedes-Benz,15720,31-May-2019,Luxury,27000,1595,https://i.i-sgcm.com/cars_used/202108/1021391_small.jpg
14800,Vios 1.5A E Sports (COE till 08/2023),Toyota,7410,12-Aug-2008,Sedan,180000,1497,https://i.i-sgcm.com/cars_used/202108/1021186_small.jpg
62800,Touran 1.4A TSI (COE till 05/2031),Volkswagen,6450,06-May-2011,MPV,118000,1390,https://i.i-sgcm.com/cars_used/202105/993016_small.jpg
80888,ES Hybrid ES300h Sunroof,Lexus,14400,31-Aug-2015,Luxury,188000,2494,https://i.i-sgcm.com/cars_used/202108/1021883_small.jpg
120000,CLA-Class CLA180 Shooting Brake Urban,Mercedes-Benz,14380,06-Sep-2018,Stationwagon,65000,1595,https://i.i-sgcm.com/cars_used/202108/1021878_small.jpg
72800,Jazz 1.3A,Honda,8270,17-Jan-2020,Hatchback,16100,1318,https://i.i-sgcm.com/cars_used/202108/1019593_small.jpg
61800,HR-V 1.5A LX,Honda,10140,19-Sep-2016,SUV,87000,1496,https://i.i-sgcm.com/cars_used/202107/1017954_small.jpg
49800,Vezel 1.5A X,Honda,9000,02-Aug-2016,SUV,110000,1496,https://i.i-sgcm.com/cars_used/202108/1021882_small.jpg
150800,Q3 1.4A TFSI S-Tronic,Audi,14540,30-Nov-2020,SUV,15000,1395,https://i.i-sgcm.com/cars_used/202108/1021801_small.jpg
26000,3 1.6A Luxury (COE till 09/2025),Mazda,6330,20-Sep-2010,Sedan,90109,1598,https://i.i-sgcm.com/cars_used/202108/1021879_small.jpg
129800,Serena e-POWER Hybrid 1.2A Highway Star Premium,Nissan,13710,13-Mar-2020,MPV,17000,1198,https://i.i-sgcm.com/cars_used/202108/1021877_small.jpg
69500,Prius Hybrid 1.8A S,Toyota,11920,27-Mar-2017,Hatchback,128000,1797,https://i.i-sgcm.com/cars_used/202108/1021867_small.jpg
75800,2 HB 1.5A Deluxe,Mazda,8690,30-Apr-2019,Hatchback,26000,1496,https://i.i-sgcm.com/cars_used/202108/1021757_small.jpg
62500,Cerato K3 1.6A,Kia,8720,22-Jan-2018,Sedan,36000,1591,https://i.i-sgcm.com/cars_used/202107/1018825_small.jpg
51555,B-Class B180,Mercedes-Benz,13020,02-Dec-2014,Hatchback,85498,1595,https://i.i-sgcm.com/cars_used/202105/999902_small.jpg
11800,Kangoo 1.6A (COE till 12/2023),Renault,4960,29-Dec-2008,Van,204000,1598,https://i.i-sgcm.com/cars_used/202108/1021871_small.jpg
67800,Elantra 1.6A GLS,Hyundai,8560,22-Nov-2018,Sedan,53000,1591,https://i.i-sgcm.com/cars_used/202108/1021868_small.jpg
68777,Vezel Hybrid 1.5A X,Honda,10780,05-Oct-2017,SUV,57000,1496,https://i.i-sgcm.com/cars_used/202108/1020792_small.jpg
76800,Hiace 2.8A DX GL,Toyota,8330,29-Oct-2020,Van,13000,2754,https://i.i-sgcm.com/cars_used/202107/1018815_small.jpg
56888,Corolla Altis 1.6A Elegance (COE till 09/2030),Toyota,6220,01-Oct-2010,Sedan,160000,1598,https://i.i-sgcm.com/cars_used/202107/1018732_small.jpg
39800,One 1.6A (COE till 12/2025),MINI,9090,29-Dec-2010,Hatchback,103182,1598,https://i.i-sgcm.com/cars_used/202107/1012793_small.jpg
23800,NV200 1.5M,Nissan,9920,06-Jan-2014,Van,70000,1461,https://i.i-sgcm.com/cars_used/202108/1021870_small.jpg
19800,Lancer EX 1.5A GLS (COE till 12/2023),Mitsubishi,8300,05-Jan-2009,Sedan,184000,1499,https://i.i-sgcm.com/cars_used/202108/1021864_small.jpg
122777,X2 sDrive20i M-Sport X,BMW,14660,30-Apr-2018,SUV,73000,1998,https://i.i-sgcm.com/cars_used/202107/1010478_small.jpg
84800,A-Class A180 Style,Mercedes-Benz,13070,28-Apr-2017,Hatchback,74698,1595,https://i.i-sgcm.com/cars_used/202106/1008809_small.jpg
77300,Odyssey 2.4A EXV-S Sunroof,Honda,13360,04-Mar-2016,MPV,126635,2356,https://i.i-sgcm.com/cars_used/202106/1007504_small.jpg
75777,CLA-Class CLA180,Mercedes-Benz,15280,16-Sep-2015,Luxury,89000,1595,https://i.i-sgcm.com/cars_used/202106/1001486_small.jpg
37800,Jazz 1.3A,Honda,10970,30-Oct-2014,Hatchback,146680,1318,https://i.i-sgcm.com/cars_used/202105/1000253_small.jpg
73800,Hiace 3.0M,Toyota,8960,04-Nov-2019,Van,15532,2982,https://i.i-sgcm.com/cars_used/202105/995780_small.jpg
49800,Sonata VIII 2.0A GLS,Hyundai,10080,14-Aug-2015,Luxury,81500,1999,https://i.i-sgcm.com/cars_used/202104/984960_small.jpg
66800,Estima Hybrid 2.4A X Moonroof (COE till 02/2029),Toyota,8860,23-Feb-2009,MPV,142000,2362,https://i.i-sgcm.com/cars_used/202108/1021844_small.jpg
112800,Noah Hybrid 1.8A X,Toyota,12380,22-Jul-2019,MPV,28000,1797,https://i.i-sgcm.com/cars_used/202108/1019844_small.jpg
58800,NV200 1.5M,Nissan,7360,06-Aug-2019,Van,41000,1461,https://i.i-sgcm.com/cars_used/202107/1018564_small.jpg
